latitude,longitude,acq_date
-20.18307,147.90173,2024-10-02
32.34914,47.42683,2024-10-01
-10.87188,-44.80265,2024-10-01
-6.74433,36.78798,2024-10-02
-18.59176,-53.04084,2024-10-01
-15.05587,-61.48581,2024-10-01
-14.81233,-63.04916,2024-10-03
-4.45193,16.04899,2024-10-01
13.43965,26.18847,2024-09-30
52.55677,115.25228,2024-10-01
-15.6464,28.91263,2024-10-01
-13.6383,-62.73353,2024-10-02
-8.76319,34.15611,2024-09-30
-5.34015,13.19336,2024-10-02
-14.03552,-63.95675,2024-10-01
-24.02458,-57.26655,2024-09-30
-17.96402,-57.76911,2024-10-02
-15.67161,145.18648,2024-09-30
34.72059,-92.08979,2024-10-02
43.54094,-122.23283,2024-10-02
-11.05749,-52.50302,2024-10-03
-12.74739,-62.89397,2024-10-02
-12.34045,14.30706,2024-09-30
-25.0007,147.43695,2024-09-30
-10.54075,-69.3302,2024-10-03
44.87287,-107.47426,2024-10-01
50.09669,37.64565,2024-10-02
-14.57769,-62.37911,2024-10-02
52.70527,114.44792,2024-10-02
-25.34834,29.56373,2024-09-30
-3.13903,25.81203,2024-10-01
28.33214,117.21794,2024-10-02
-13.82558,-64.08518,2024-10-01
-17.94409,-58.59397,2024-09-30
-12.89689,-64.82848,2024-10-02
-19.44369,-58.82254,2024-10-02
-16.26349,32.6186,2024-10-01
45.03992,-114.50816,2024-09-30
-16.63617,35.88561,2024-10-01
50.37777,127.68626,2024-10-03
-10.84979,33.946,2024-10-02
-16.21677,136.06787,2024-09-30
53.57857,115.43819,2024-10-02
-14.78903,38.96369,2024-09-30
48.89942,38.33143,2024-10-03
-11.86397,25.92577,2024-09-30
-10.71639,32.96973,2024-10-02
-21.70829,45.23652,2024-09-30
41.63927,-87.13943,2024-10-02
-22.91642,-58.11786,2024-09-30
-12.9466,-67.8888,2024-10-02
49.75688,37.9208,2024-10-03
-16.58445,35.99892,2024-09-30
-14.19862,-64.07516,2024-10-01
-14.0627,-63.9576,2024-10-01
-12.05929,36.96143,2024-09-30
-15.1991,-62.02568,2024-10-02
-22.31153,-45.79075,2024-10-02
-15.7595,37.85378,2024-09-30
-14.60557,18.37728,2024-09-30
-28.11614,-61.90715,2024-10-02
38.01631,40.29909,2024-10-01
51.60426,49.62567,2024-10-02
50.87783,49.07967,2024-09-30
40.36658,17.6217,2024-10-01
-28.88849,-60.67827,2024-10-02
-11.35136,21.91181,2024-10-02
-19.26419,34.82004,2024-09-30
-16.84281,36.66646,2024-10-01
-15.90434,125.38059,2024-10-03
-16.02265,16.78072,2024-09-30
-15.6016,-62.34788,2024-10-01
-14.94108,-62.41792,2024-10-02
-11.23985,24.80213,2024-10-02
-14.48599,-63.71868,2024-09-30
-15.97678,37.6875,2024-10-01
-14.89709,17.69783,2024-10-01
39.4691,118.25512,2024-10-02
-7.32665,38.61531,2024-10-02
-14.0702,-63.95687,2024-10-01
-16.44528,30.2123,2024-10-02
-12.34258,34.7602,2024-09-30
3.93691,-71.65028,2024-10-01
-14.94208,38.44941,2024-09-30
35.46127,43.71393,2024-10-03
-17.29095,21.07314,2024-10-01
-13.51702,-64.14928,2024-10-01
-19.79058,44.69434,2024-10-02
-22.90126,-45.09602,2024-10-02
-11.49871,142.32544,2024-10-02
-14.52545,15.0871,2024-10-01
-8.40063,37.86525,2024-09-30
-20.09684,-42.24522,2024-09-30
44.89798,-107.51937,2024-09-30
-16.07935,24.65311,2024-09-30
-28.34826,29.12916,2024-10-02
-17.10702,-56.24837,2024-10-01
-13.00182,39.84472,2024-10-02
-14.35468,-62.88586,2024-10-02
-16.61555,-57.34511,2024-10-01
-7.2645,-44.22734,2024-10-01
-16.61901,-61.6147,2024-10-02
-11.318,14.44305,2024-10-02
-17.09322,-60.22716,2024-10-02
-15.19059,-63.24435,2024-10-01
-13.61274,37.31955,2024-09-30
-14.47984,-63.7506,2024-10-03
-15.98398,36.60564,2024-09-30
-15.49074,22.97142,2024-10-01
-20.25379,44.462,2024-10-02
-29.02791,-59.36959,2024-10-02
-14.95652,-62.69766,2024-10-01
19.00682,-104.25712,2024-10-01
-14.90486,-63.50068,2024-09-30
-16.53206,16.15736,2024-10-01
-15.80168,37.79583,2024-09-30
-15.83284,-62.99619,2024-10-02
-18.05182,46.34164,2024-09-30
-16.76185,-63.71821,2024-09-30
50.35671,37.117,2024-10-02
-12.78395,35.94444,2024-09-30
-7.94189,138.02879,2024-10-01
-18.21761,45.4457,2024-10-02
30.55919,47.3273,2024-10-03
-17.52011,37.17294,2024-09-30
40.4871,-111.07685,2024-09-30
-19.71123,33.26166,2024-09-30
-16.4341,135.83609,2024-09-30
-13.29591,-43.32729,2024-09-30
-12.97435,36.01934,2024-10-01
24.25304,113.40533,2024-09-30
32.88437,131.08437,2024-09-30
-16.51776,20.90596,2024-09-30
-11.29547,-46.85523,2024-10-01
-2.9229,-43.83007,2024-10-02
-11.92798,-65.86303,2024-10-02
-12.79457,31.32399,2024-09-30
-23.86354,-56.81453,2024-10-02
-16.19617,38.06227,2024-10-01
-17.09468,-56.71511,2024-10-02
-14.72185,-62.20781,2024-10-01
50.19485,36.37588,2024-10-02
-9.96605,-64.77962,2024-10-01
45.11013,-73.01193,2024-09-30
-17.61475,-59.78707,2024-10-01
-10.59552,35.39958,2024-10-01
-8.04678,16.77309,2024-09-30
-12.69996,-54.09628,2024-10-02
-8.52179,36.67253,2024-10-02
-19.44673,33.08078,2024-09-30
53.51971,115.56541,2024-10-01
-14.59726,-62.37212,2024-10-01
-15.90352,38.58686,2024-10-01
-17.29844,35.96972,2024-09-30
-10.83508,30.64819,2024-09-30
44.93774,-107.55793,2024-10-02
-17.44456,36.56932,2024-10-01
-16.65976,-57.24309,2024-10-01
-11.18243,-45.74687,2024-09-30
-10.96252,-47.2864,2024-10-02
-16.95508,-57.94324,2024-09-30
-29.35664,-60.54909,2024-10-01
-11.46041,132.92505,2024-09-30
-8.84467,140.94627,2024-10-03
-15.18853,-62.10687,2024-10-03
-14.02754,36.01766,2024-10-02
-14.9078,-62.89418,2024-10-01
-10.69257,-58.53952,2024-10-03
-15.33864,-61.31199,2024-10-02
-20.60293,-46.24035,2024-09-30
-14.68141,-61.61487,2024-10-01
-21.49186,-48.44976,2024-10-02
49.02805,68.62246,2024-10-02
-16.63338,39.01127,2024-09-30
31.09141,31.57333,2024-10-03
46.0443,-73.14006,2024-10-01
-15.75259,136.19392,2024-09-30
-10.92792,35.79996,2024-10-02
-22.66867,-43.69733,2024-10-02
-8.75826,142.42607,2024-09-30
65.09177,78.25822,2024-09-30
-16.65533,-55.93032,2024-10-01
-14.32565,-62.9416,2024-10-02
29.26892,6.49302,2024-10-02
-16.62584,-61.63922,2024-10-01
-10.39733,-68.72646,2024-10-02
-18.24321,48.08379,2024-10-02
-14.21346,-63.1032,2024-10-01
25.76606,68.94029,2024-09-30
53.43314,115.47275,2024-10-01
45.25439,-114.4285,2024-09-30
-12.41982,35.67625,2024-10-01
-16.43866,-57.42872,2024-10-01
-16.43514,-64.47912,2024-10-02
-17.66355,36.50538,2024-09-30
-12.93199,-63.91101,2024-10-02
-19.56717,-44.88421,2024-10-02
-16.84239,-55.90871,2024-10-02
-17.27847,37.83107,2024-09-30
-13.18652,-65.92422,2024-10-02
51.84695,36.64312,2024-10-01
-10.35266,33.27293,2024-09-30
-11.25144,-50.02852,2024-10-01
-17.1631,-56.16764,2024-10-01
-16.47234,39.46799,2024-10-01
-11.29053,-46.8747,2024-10-01
-11.2756,-69.46453,2024-10-02
-15.19983,-43.85231,2024-10-01
40.63413,109.73631,2024-09-30
-16.89181,38.86923,2024-09-30
-12.72001,-65.77721,2024-10-02
53.69152,116.47182,2024-10-03
-14.70056,-62.47042,2024-10-02
-14.70613,-65.6954,2024-10-02
-11.13145,35.34895,2024-09-30
-1.81686,136.74765,2024-10-01
-15.5915,129.06082,2024-09-30
-16.52424,37.39931,2024-09-30
-25.63455,-57.95665,2024-10-01
-11.96617,36.70522,2024-10-01
-12.40579,135.45305,2024-10-01
-6.73002,-76.53909,2024-10-02
-15.83806,-63.78658,2024-10-01
-11.43687,23.11762,2024-09-30
44.81396,-107.35764,2024-10-02
-17.05451,23.81317,2024-10-01
-14.55686,-63.02496,2024-10-01
-9.68019,-64.7255,2024-10-02
-8.07784,-42.88094,2024-09-30
-11.53161,142.39493,2024-09-30
-15.02247,19.63325,2024-10-01
-13.25196,-67.55733,2024-10-02
-12.70444,-65.70832,2024-10-01
-23.9164,149.20895,2024-10-03
-14.92848,-64.02385,2024-10-02
-16.05742,144.31294,2024-10-01
-21.56644,-47.805,2024-10-01
-14.54595,-62.506,2024-10-03
-17.46291,37.0957,2024-10-01
35.97323,43.77358,2024-09-30
-18.39979,33.31924,2024-10-01
-14.88599,-63.20701,2024-10-01
-15.40156,-64.02056,2024-10-02
-20.22787,134.45239,2024-10-03
32.99411,46.18862,2024-10-02
53.30616,116.39545,2024-10-01
-28.11768,-58.62096,2024-09-30
-9.02984,14.45628,2024-10-02
-30.16875,-61.29248,2024-09-30
-10.25556,-68.77039,2024-10-03
-12.88752,136.36156,2024-09-30
-14.605,-62.43825,2024-10-01
-10.31579,39.21111,2024-10-01
-14.683,-62.52956,2024-10-02
-14.84597,-58.19254,2024-10-01
-14.61596,-62.4105,2024-10-01
-19.2726,-43.76723,2024-10-03
-8.96945,16.10633,2024-09-30
-11.22168,24.54149,2024-09-30
-6.80944,13.10073,2024-10-02
-16.4476,-57.43547,2024-10-02
35.68724,43.87106,2024-10-02
-30.12763,-58.56616,2024-09-30
-15.25621,145.27214,2024-10-01
-14.50901,143.63962,2024-09-30
-16.23285,36.23693,2024-09-30
-24.27642,-59.7021,2024-10-01
-14.66516,-63.4661,2024-10-02
27.49877,52.64711,2024-09-30
-14.91142,-62.80542,2024-10-02
32.22841,-101.75423,2024-09-30
-9.19186,-58.18362,2024-10-02
-13.5172,-64.07018,2024-10-01
-10.65627,36.38094,2024-10-01
-10.035,-68.91966,2024-10-02
-16.50115,35.98695,2024-10-01
-11.98897,38.6194,2024-10-01
59.7615,71.74693,2024-10-01
-14.363,-62.9694,2024-10-01
-14.78274,-61.83146,2024-10-02
-12.35099,-66.32003,2024-09-30
-17.00705,37.60632,2024-09-30
-13.75766,35.82565,2024-09-30
-16.80159,-55.78679,2024-10-02
-24.54184,28.01513,2024-09-30
-17.44041,21.16518,2024-10-02
-21.5802,-47.80824,2024-10-01
43.60505,-110.00777,2024-09-30
-15.99167,18.02836,2024-10-02
-14.71283,39.39393,2024-09-30
-15.77312,-62.45059,2024-10-01
2.98981,-52.37055,2024-10-02
-9.11561,-67.88873,2024-10-01
-12.61401,-65.81928,2024-10-02
-16.6735,30.4983,2024-10-02
53.42601,59.06583,2024-10-01
-24.69889,46.15325,2024-10-01
-14.54848,-63.03474,2024-10-01
-13.02552,16.44335,2024-10-01
-24.50207,46.30299,2024-09-30
-6.23049,18.26774,2024-10-01
-14.48125,-65.80261,2024-10-03
41.82202,88.90377,2024-10-03
-16.58192,136.76039,2024-10-01
-12.89404,-62.50289,2024-10-03
-23.98964,27.98215,2024-09-30
-10.65823,-68.94303,2024-10-01
-14.20536,136.62201,2024-10-03
-14.84211,132.23103,2024-10-01
-14.35171,132.98033,2024-10-03
65.76853,24.19097,2024-09-30
-10.63095,-53.69941,2024-10-03
-18.76563,34.82502,2024-09-30
-14.85684,29.50888,2024-10-01
-10.2085,34.57466,2024-10-02
-12.77188,141.81587,2024-10-02
30.44962,117.2364,2024-10-01
15.02064,-86.94398,2024-10-02
38.9164,106.43691,2024-10-01
-14.25721,-63.32413,2024-10-03
-12.54738,141.80473,2024-10-01
-10.09202,120.20271,2024-10-02
-17.3728,-59.96761,2024-10-02
31.18141,113.61427,2024-10-03
-15.84756,40.0833,2024-10-01
-11.43227,142.20129,2024-10-03
-5.33388,-47.90041,2024-09-30
-14.89139,21.90499,2024-09-30
-5.2276,37.36039,2024-10-02
-10.65517,36.47956,2024-10-01
-14.95702,132.22171,2024-10-03
30.35457,73.53741,2024-10-03
-22.52281,46.46392,2024-10-01
52.3491,33.38814,2024-10-01
-9.31438,124.55444,2024-09-30
-29.18657,-60.81967,2024-10-02
-16.12304,36.77819,2024-09-30
-14.89353,-62.6763,2024-10-02
-14.11254,17.4553,2024-10-01
-25.42075,-60.13546,2024-10-03
-15.73188,37.75602,2024-09-30
44.19103,44.54813,2024-10-01
15.26917,32.36647,2024-10-03
-15.61621,37.39039,2024-09-30
0.37528,29.49356,2024-10-02
50.02134,37.96875,2024-10-02
-20.00984,24.16174,2024-10-02
-23.82884,33.43036,2024-10-03
-15.42619,31.84971,2024-09-30
44.81411,-115.01714,2024-10-02
48.5135,37.84111,2024-10-02
-8.35277,-71.05054,2024-10-02
-17.98436,-59.45135,2024-10-02
43.95226,-122.2454,2024-10-01
-15.00756,-61.98327,2024-10-01
-15.56631,136.22804,2024-09-30
-14.5932,-62.37288,2024-10-01
-8.61224,125.56622,2024-10-01
49.55178,37.88091,2024-10-02
-16.68964,136.58488,2024-10-03
-5.25578,35.8622,2024-10-02
-13.22445,-67.89001,2024-10-02
-16.92034,30.96415,2024-10-02
34.16272,-117.00472,2024-09-30
-13.1294,18.21402,2024-10-01
-10.75128,31.84061,2024-09-30
-17.51072,35.47976,2024-10-01
-21.38308,-48.83353,2024-10-02
-12.16454,35.89503,2024-10-01
4.5915,-54.39079,2024-10-01
-15.33455,-47.56543,2024-09-30
-14.91565,-62.31255,2024-10-01
-4.43836,32.72129,2024-10-03
-18.78531,32.95957,2024-09-30
-13.27526,-65.83097,2024-09-30
-12.8007,13.874,2024-09-30
-18.75027,33.46045,2024-09-30
-20.22154,134.5051,2024-10-02
-0.36236,38.06314,2024-10-02
-16.44696,-61.67346,2024-10-01
-17.25436,36.29789,2024-10-01
-11.08881,-49.59162,2024-10-03
-14.6745,-64.64038,2024-09-30
-12.10163,135.70801,2024-09-30
-14.76079,21.23171,2024-10-02
-8.459,-62.7143,2024-10-02
44.32813,-119.65441,2024-10-01
-11.74104,16.81302,2024-09-30
-13.73075,36.98015,2024-10-01
60.80009,97.23653,2024-10-01
-12.61788,16.74724,2024-10-01
-18.58474,34.98423,2024-09-30
-12.85051,-69.60071,2024-10-02
-24.15358,-55.70574,2024-10-01
-12.92166,-51.19525,2024-10-01
50.00826,36.56694,2024-10-02
-11.54658,142.37291,2024-10-03
-9.09712,36.33771,2024-10-01
-9.21454,-78.40656,2024-10-01
-14.21533,136.62315,2024-10-03
-18.85529,-54.4822,2024-10-03
30.42206,47.44364,2024-10-02
-9.17464,141.27455,2024-10-03
-8.5144,36.24839,2024-10-02
-25.30336,29.29214,2024-09-30
-14.4667,36.67788,2024-09-30
33.79791,48.44396,2024-10-02
22.26283,-97.80871,2024-10-01
-18.24989,36.19656,2024-09-30
-11.01333,35.71566,2024-09-30
-21.07527,34.9118,2024-09-30
11.13799,-68.69456,2024-09-30
-7.85266,-38.84729,2024-10-01
-20.25198,44.45937,2024-10-02
-8.4767,29.00026,2024-10-03
-15.6191,-64.4606,2024-09-30
-10.79771,36.13185,2024-10-01
-14.85925,-62.65653,2024-10-02
44.42152,-113.94073,2024-09-30
27.76168,52.17285,2024-09-30
-15.82108,-62.99863,2024-10-02
-9.64017,37.73246,2024-10-01
-13.16467,-67.63648,2024-09-30
-11.93214,-44.87035,2024-10-01
-9.96992,39.61135,2024-10-02
-9.47943,-68.53216,2024-10-02
53.21524,116.38348,2024-10-01
31.38947,119.30322,2024-10-01
-24.52629,29.15004,2024-10-02
-6.72599,14.45677,2024-09-30
-15.16313,17.62048,2024-09-30
64.97584,75.58594,2024-10-01
4.58079,34.93505,2024-10-03
-16.98659,-56.21844,2024-10-01
-13.13295,27.99727,2024-10-02
-16.92719,37.57235,2024-10-01
-11.44385,37.01744,2024-10-01
-17.83121,-50.06631,2024-10-02
41.56422,-84.04741,2024-10-03
-22.78347,-46.82856,2024-10-02
-11.60771,36.81733,2024-10-01
-12.32769,28.43504,2024-10-02
-19.06359,45.51203,2024-09-30
-23.73485,-47.44734,2024-10-02
-15.7873,-57.8052,2024-10-02
-13.31552,38.04031,2024-10-02
-21.9301,35.03036,2024-09-30
-14.30488,-62.88198,2024-10-02
-14.97912,132.22827,2024-10-03
-4.99245,24.28769,2024-09-30
-15.93109,38.77082,2024-10-02
-14.29051,-64.89141,2024-10-01
-16.48339,36.66083,2024-10-01
-10.97886,-69.72021,2024-09-30
-21.39513,-48.85678,2024-10-02
-13.92718,-63.37693,2024-10-01
-20.26699,134.52702,2024-10-03
-11.51948,-65.28435,2024-10-01
-10.37639,33.40992,2024-10-02
-16.62623,36.55008,2024-09-30
42.82327,87.92906,2024-09-30
31.13367,49.33014,2024-10-02
-30.41352,28.72984,2024-09-30
-14.6722,-60.76501,2024-10-02
-10.52782,-67.85464,2024-10-03
-14.59936,18.27155,2024-10-02
-11.12753,23.20856,2024-09-30
30.04263,-93.33492,2024-09-30
-16.64583,145.23491,2024-10-01
-17.97015,-59.23814,2024-10-03
-19.50388,44.71699,2024-10-01
-22.75112,46.92825,2024-09-30
-18.43408,-59.52427,2024-10-02
30.68582,47.32676,2024-10-03
38.06731,22.45869,2024-09-30
-11.3156,37.20958,2024-09-30
-17.08655,-60.52257,2024-10-01
-8.60146,121.28146,2024-10-03
-17.44608,35.87387,2024-09-30
49.73453,37.56739,2024-10-01
-31.39337,-65.39197,2024-09-30
-16.48761,-57.30825,2024-10-02
-9.86851,35.57056,2024-10-01
-15.80919,-62.9763,2024-10-01
-10.89817,32.42324,2024-09-30
-10.26604,36.07381,2024-10-01
-13.41034,13.99722,2024-10-01
-14.59705,20.24969,2024-10-01
-15.15191,-63.81194,2024-10-01
-6.58776,-76.79596,2024-10-02
-16.26724,22.19737,2024-10-02
-18.7691,34.82929,2024-09-30
-11.15677,-45.67737,2024-09-30
-14.81843,-62.86803,2024-10-01
-17.99881,-59.52173,2024-09-30
-15.94282,-63.3414,2024-10-01
-16.53944,135.75215,2024-10-01
-8.27423,26.77176,2024-09-30
-8.76433,-75.26475,2024-10-02
-8.01768,38.0759,2024-10-02
-14.53687,-62.92942,2024-10-03
-17.91344,-58.84835,2024-10-01
-15.60405,136.11119,2024-10-01
35.60106,110.56921,2024-10-02
-16.86927,38.82429,2024-10-01
-16.67503,35.55146,2024-10-01
-15.2677,-67.51894,2024-10-01
-14.88801,-63.19644,2024-10-01
-18.07985,-57.73082,2024-10-02
-10.60018,-48.07028,2024-10-02
-15.26095,37.2109,2024-09-30
-6.76104,34.26313,2024-10-02
-9.22667,-68.39552,2024-10-01
-10.72584,-65.75717,2024-10-01
27.74437,9.91902,2024-10-03
-12.13844,141.84698,2024-10-02
-13.47661,-63.26849,2024-10-01
-15.16779,-63.32605,2024-10-01
-11.46975,37.0923,2024-10-01
-23.71203,28.30108,2024-10-02
-26.76696,-62.78326,2024-10-01
44.32254,-119.66779,2024-10-02
39.26522,42.30402,2024-09-30
38.12426,22.42426,2024-09-30
-17.09501,-60.46052,2024-10-02
-11.27351,-60.61563,2024-10-02
-12.65626,31.59839,2024-09-30
-9.76153,39.42607,2024-10-02
6.11542,-69.47315,2024-10-02
-12.43644,31.4043,2024-10-01
-15.30677,141.80641,2024-09-30
49.30727,82.51885,2024-10-01
-25.14581,-59.15361,2024-10-01
-17.83562,-57.75514,2024-10-02
-12.28884,36.105,2024-10-01
-29.42439,-60.68478,2024-10-02
-26.19179,30.35914,2024-09-30
-13.4229,-64.17023,2024-10-03
-10.54492,32.21088,2024-10-01
52.01389,34.06596,2024-10-01
-16.57969,136.7981,2024-10-03
-14.6447,37.70371,2024-09-30
-9.75495,30.91323,2024-10-03
-12.14101,36.98306,2024-10-01
-15.44391,-62.27208,2024-09-30
-5.28122,39.04212,2024-10-03
-13.98104,19.67127,2024-09-30
-10.52872,37.38866,2024-10-01
36.61122,-106.07655,2024-10-02
-27.17624,-50.46769,2024-10-01
-10.0,-69.05659,2024-10-02
-17.48096,33.73794,2024-09-30
-14.99127,18.45681,2024-09-30
-10.17865,32.62844,2024-10-01
-31.1919,27.4709,2024-10-01
-17.02556,24.44037,2024-09-30
-12.91099,-65.14048,2024-10-03
-8.8549,30.01636,2024-10-01
-6.69185,-44.53873,2024-10-01
-15.35146,17.4115,2024-09-30
-16.11091,-64.58731,2024-10-01
-14.96935,-62.42342,2024-09-30
-12.08688,135.7132,2024-09-30
31.46218,-103.45159,2024-10-02
-19.09637,44.49335,2024-10-03
-18.38806,-44.01654,2024-10-02
-9.63306,14.70028,2024-10-02
-2.42313,35.55587,2024-09-30
53.6601,116.36221,2024-10-02
44.89584,-107.53056,2024-09-30
-19.69164,33.00293,2024-09-30
1.49457,31.45966,2024-09-30
-9.8488,-75.51087,2024-10-02
-16.62819,-57.24736,2024-10-01
-15.47339,16.95461,2024-10-02
10.578,107.02874,2024-10-02
-17.24664,-60.20122,2024-10-01
-11.05084,-69.55539,2024-09-30
52.8615,115.54667,2024-10-01
-10.24441,36.09215,2024-10-01
-16.94781,-57.93382,2024-09-30
6.55204,-70.2702,2024-09-30
-14.40401,-67.22078,2024-10-02
52.13814,33.91896,2024-10-01
-11.44301,36.66478,2024-10-02
38.68307,65.94841,2024-10-01
-12.94821,-67.49263,2024-10-02
-14.9898,40.42834,2024-10-02
53.20133,116.35432,2024-10-02
-17.11413,36.08497,2024-10-01
-15.26821,30.21348,2024-10-01
35.88055,-111.87087,2024-10-02
40.68934,19.40452,2024-10-02
-15.19041,145.19734,2024-10-03
-15.94638,36.72021,2024-10-01
-14.07825,136.54562,2024-09-30
-12.96923,141.83655,2024-10-02
-13.96998,-65.22349,2024-10-01
-14.92809,-62.42878,2024-10-02
-16.4654,135.87404,2024-09-30
-16.85588,36.12616,2024-10-01
-13.704,131.01796,2024-09-30
32.33514,109.44373,2024-10-02
-12.50884,-63.82151,2024-09-30
48.38328,38.596,2024-10-02
-16.43034,-57.41547,2024-10-01
-24.53217,28.19569,2024-09-30
-11.54269,28.59044,2024-10-02
-20.63514,-48.75486,2024-10-02
-23.96136,27.75107,2024-10-01
-12.91514,22.48195,2024-09-30
-16.58755,136.74628,2024-10-01
-8.86437,31.00571,2024-09-30
44.87204,-107.4752,2024-09-30
-10.22272,-52.70511,2024-10-03
-10.55284,14.47109,2024-10-02
1.94926,-51.0069,2024-10-01
-13.91033,-40.47408,2024-10-02
-11.77412,14.26135,2024-10-01
-17.42918,36.61998,2024-09-30
-14.67404,-64.63625,2024-10-01
64.93715,78.34367,2024-10-01
-12.38728,141.96234,2024-09-30
-18.63308,48.04575,2024-10-01
52.83238,115.58739,2024-10-02
-10.52566,17.37199,2024-10-01
31.69441,5.96604,2024-10-01
-13.03949,34.84155,2024-10-02
-16.61098,21.45172,2024-10-02
-28.58908,151.38423,2024-10-01
-19.45552,35.27502,2024-09-30
-12.97735,-51.45059,2024-10-01
-4.53845,36.10361,2024-10-02
-12.45896,17.22333,2024-10-02
-18.0786,-58.61222,2024-10-01
-13.43085,-66.72197,2024-10-03
-10.91381,30.51019,2024-10-02
-16.47485,35.42605,2024-10-01
-15.6503,-62.27892,2024-10-02
-17.48804,37.48247,2024-10-01
-13.68698,131.07491,2024-10-01
-7.496,-44.96803,2024-10-01
-15.0332,-62.03456,2024-09-30
-16.08863,127.8901,2024-09-30
-27.21194,30.24519,2024-09-30
-7.0049,29.65046,2024-10-03
65.56538,22.22075,2024-10-02
-16.44192,31.69631,2024-10-01
-17.33856,36.94717,2024-09-30
-16.93046,38.35965,2024-10-01
-10.06479,-57.89968,2024-10-02
-17.02273,38.16124,2024-09-30
-13.99916,16.27753,2024-10-01
-13.90956,-63.39026,2024-10-01
-25.00633,27.85063,2024-10-02
-14.07749,14.92383,2024-09-30
-15.31343,34.2123,2024-10-01
-8.14653,37.56586,2024-10-01
-14.6316,-62.38112,2024-10-01
48.17323,39.02921,2024-10-01
44.86581,-107.42671,2024-10-02
-14.65292,132.05333,2024-09-30
-13.74685,-63.94703,2024-10-02
-0.24578,35.08749,2024-10-01
-15.78841,47.55375,2024-10-02
-12.56511,-69.36864,2024-10-01
-13.65265,50.05629,2024-10-02
-7.44153,-44.85625,2024-10-02
-16.80144,-57.80662,2024-10-01
-14.57102,18.35825,2024-10-01
-13.81722,-63.76448,2024-10-01
-9.96645,30.02196,2024-10-03
-9.8983,32.51572,2024-10-01
-15.45767,129.09872,2024-10-01
-18.36176,20.76118,2024-10-02
-15.04256,-62.39137,2024-10-02
-9.43793,35.93998,2024-09-30
33.43422,47.85596,2024-10-02
-11.15818,-65.44162,2024-10-02
-13.18903,-65.9009,2024-09-30
31.18921,114.813,2024-10-02
-12.66518,27.44687,2024-10-01
-14.49231,-62.54099,2024-10-03
-14.21163,-63.10752,2024-10-02
6.45094,35.21024,2024-10-02
-14.81798,-63.00023,2024-10-02
-6.58804,-76.79916,2024-10-02
-10.94519,-67.69765,2024-10-02
-13.25879,-67.54991,2024-10-02
-15.32044,36.98344,2024-09-30
-10.25962,36.0903,2024-10-01
-25.02556,-60.50298,2024-10-01
-4.74946,14.56716,2024-10-02
-16.01579,38.43407,2024-10-02
47.76793,67.74668,2024-10-03
-17.2541,-56.45288,2024-09-30
-14.30854,-67.18362,2024-10-01
53.73848,-84.82247,2024-09-30
-15.57593,-62.35491,2024-10-02
-10.74069,-69.43721,2024-10-02
-10.1183,124.41946,2024-09-30
-14.16653,-65.21132,2024-10-02
-16.4442,30.34245,2024-09-30
47.6212,36.35442,2024-10-03
-13.77104,-60.06828,2024-10-03
-20.71953,134.1517,2024-09-30
52.19707,114.45354,2024-10-01
-18.8961,-41.21242,2024-10-03
-14.07008,-63.9334,2024-10-01
-16.67054,-57.22588,2024-10-01
-15.60489,-62.24893,2024-10-02
-16.95854,38.33108,2024-10-01
3.89455,-70.91191,2024-10-02
45.25593,-114.43757,2024-09-30
-11.99024,22.98295,2024-09-30
-13.2075,-48.61682,2024-10-02
-15.49152,-62.29779,2024-10-02
-15.16238,-62.04765,2024-09-30
-11.46287,16.15541,2024-09-30
47.95185,-104.0428,2024-10-01
-25.7803,28.9306,2024-09-30
51.49789,41.03598,2024-10-01
-7.26782,36.44372,2024-09-30
-15.92848,18.07531,2024-10-02
-14.55879,33.01994,2024-09-30
-20.37612,134.27252,2024-10-02
-18.43061,-59.52498,2024-10-02
-14.78865,-59.42715,2024-10-02
-20.51593,-46.30299,2024-10-01
-15.14601,-62.1253,2024-10-01
31.22882,8.56398,2024-09-30
34.64277,-111.20376,2024-10-01
44.90345,-107.50723,2024-10-01
-12.2273,37.28109,2024-10-01
30.68761,47.32932,2024-09-30
-21.51391,-48.41949,2024-10-02
-3.13914,-49.42139,2024-10-02
-12.01654,37.30867,2024-10-02
-20.78618,139.3076,2024-09-30
-16.33554,-64.17727,2024-10-02
-8.44418,16.28297,2024-10-02
-14.79378,-65.57769,2024-10-02
-16.72232,37.31553,2024-10-01
-14.17704,14.74258,2024-10-01
53.54456,115.5286,2024-10-02
-23.5682,-61.02212,2024-10-01
-22.94238,-42.89461,2024-10-01
-13.31925,14.39434,2024-10-02
-13.16203,-46.3329,2024-10-02
-14.57724,40.80731,2024-10-02
-13.66419,-66.94402,2024-09-30
-16.53185,136.73994,2024-09-30
-18.15955,-57.69495,2024-10-03
66.16228,76.95646,2024-10-01
37.96953,40.46542,2024-10-02
-15.8593,-62.96568,2024-10-02
-13.14685,35.71766,2024-09-30
-16.78249,-65.41241,2024-09-30
7.94831,126.31044,2024-09-30
29.99469,-90.39756,2024-10-01
43.52289,-122.26936,2024-10-01
-15.04426,-63.59616,2024-10-02
-14.53799,-62.9235,2024-10-03
-12.09706,27.17243,2024-10-02
-15.02351,-63.80603,2024-10-02
-16.69553,-57.40022,2024-10-01
-8.62617,142.276,2024-09-30
-8.49293,39.11369,2024-09-30
-7.99924,32.60773,2024-10-02
-14.17127,136.63745,2024-10-02
-8.56271,38.94025,2024-09-30
-10.05708,14.69314,2024-09-30
-11.71323,133.30521,2024-10-02
-16.71816,29.49775,2024-09-30
-16.50023,36.36085,2024-10-01
-11.34153,35.273,2024-10-01
-13.2054,-67.54617,2024-09-30
23.10558,31.13458,2024-10-02
-18.82505,21.15084,2024-09-30
-16.36428,35.97095,2024-09-30
-9.23652,-68.17064,2024-10-01
-15.73314,-62.31277,2024-10-02
-9.72054,-67.5729,2024-10-02
47.44237,-102.68956,2024-10-02
-14.70733,-65.6945,2024-10-02
28.18107,-98.326,2024-10-01
-10.4393,33.26859,2024-09-30
-9.09035,142.60954,2024-09-30
-21.37556,-50.9579,2024-10-01
-13.90972,-63.37799,2024-10-01
-14.92728,-63.55774,2024-10-01
-17.68996,145.1694,2024-09-30
-15.35128,-64.11114,2024-10-01
-17.05226,-56.7049,2024-10-01
-11.8353,29.35383,2024-10-02
-7.48633,-63.98376,2024-10-02
50.60639,41.76522,2024-09-30
-10.86195,33.2905,2024-10-01
-3.74048,15.92288,2024-09-30
-10.81064,26.45362,2024-10-01
-19.55179,44.72308,2024-10-02
30.62131,-91.518,2024-10-01
-2.93543,-52.91441,2024-10-02
-15.7439,-64.41998,2024-10-03
-13.51719,-64.12976,2024-10-02
-8.05347,15.23514,2024-10-01
-14.55696,143.62375,2024-10-02
-15.4927,129.09012,2024-10-01
-21.39161,-50.96164,2024-10-01
-16.66296,35.9388,2024-09-30
-12.16957,-50.08718,2024-10-02
-16.94759,38.23833,2024-10-01
-22.98158,-51.71396,2024-10-01
-12.5694,35.72295,2024-09-30
54.65656,116.72538,2024-10-03
-15.85806,36.87107,2024-09-30
49.05639,37.63048,2024-10-01
-14.96537,-68.3401,2024-10-02
-16.31787,38.55065,2024-10-01
-14.6025,18.00643,2024-10-01
-17.82644,177.43388,2024-09-30
30.87725,5.64235,2024-09-30
-18.09414,-57.88335,2024-10-01
-16.71404,-57.37442,2024-10-01
-16.93356,16.05688,2024-09-30
-14.37801,-63.03708,2024-10-01
-19.70998,33.34948,2024-09-30
-23.22167,47.36873,2024-09-30
36.64566,119.4134,2024-10-03
-14.15243,-63.50085,2024-10-01
-16.8326,-55.90763,2024-10-01
-15.43582,37.6031,2024-10-02
-7.46319,13.80445,2024-10-02
59.70593,103.75394,2024-10-02
-12.34634,135.46838,2024-10-02
-15.7413,-63.74429,2024-10-02
-15.26246,145.26907,2024-10-01
-23.22305,-52.3891,2024-09-30
-15.15598,125.25459,2024-10-03
-21.41973,44.31092,2024-09-30
-15.76262,18.67818,2024-10-01
-31.01177,28.33392,2024-10-01
-12.68814,-54.09452,2024-10-02
-12.45374,33.99752,2024-10-02
51.3672,46.88094,2024-09-30
-22.29912,-48.44275,2024-10-02
48.96283,72.14714,2024-09-30
-24.23049,-51.56863,2024-09-30
-17.18003,21.46172,2024-10-02
-24.80289,46.2258,2024-10-01
-13.45231,-63.23785,2024-10-03
32.25815,47.24891,2024-10-02
54.52031,40.74598,2024-10-01
32.5603,114.14986,2024-10-02
33.08954,-80.34225,2024-09-30
-16.86026,36.65645,2024-10-01
-13.16482,-66.32834,2024-10-02
-6.83991,-59.10413,2024-10-02
-16.54964,36.49391,2024-10-01
-12.77849,-66.92069,2024-10-02
-3.30302,-53.69793,2024-09-30
-13.03348,-71.25491,2024-10-02
-16.66433,33.92307,2024-10-01
44.90698,-107.47028,2024-10-02
51.70771,34.43647,2024-10-02
40.73296,26.40568,2024-10-03
-16.94016,-56.18576,2024-10-01
24.71391,74.67143,2024-10-01
-12.10386,-50.05052,2024-09-30
-12.64299,-50.96623,2024-10-02
-12.93978,13.89746,2024-09-30
-14.90207,132.06799,2024-10-02
-12.29435,14.24916,2024-10-01
-22.36936,-49.34434,2024-10-01
52.83733,115.61177,2024-10-01
-14.79871,-65.5748,2024-10-02
52.84365,115.47971,2024-10-01
-10.09982,14.4863,2024-10-02
25.00418,76.94516,2024-10-03
-13.47077,48.539,2024-09-30
-13.10731,17.11479,2024-10-02
-19.98821,24.1856,2024-10-02
-17.85245,-57.72997,2024-10-01
-21.6692,139.48596,2024-09-30
-7.5047,38.08435,2024-10-01
5.21516,-54.30005,2024-10-01
27.01991,49.57547,2024-10-03
-15.03998,-63.60582,2024-10-01
-16.14598,-55.41329,2024-10-02
38.5194,102.30407,2024-10-01
-16.03541,136.46791,2024-09-30
-14.81012,18.4683,2024-10-02
-24.24288,-64.0485,2024-10-01
-15.4863,40.36581,2024-09-30
-14.67125,-63.94904,2024-09-30
35.53194,44.33519,2024-10-01
-14.23935,-63.30153,2024-10-03
-15.14116,-62.02694,2024-10-01
-17.3951,-59.77443,2024-10-01
-7.50218,-44.96339,2024-10-01
44.90995,-107.41309,2024-09-30
-8.51679,141.17371,2024-10-01
-9.99824,-68.55912,2024-10-01
-12.66126,-54.06303,2024-10-02
-16.28396,45.58868,2024-09-30
44.86776,-107.47729,2024-10-01
-31.21437,27.40879,2024-10-02
38.06913,22.51535,2024-09-30
-7.42519,-72.72735,2024-10-02
49.21088,37.98434,2024-09-30
-14.18026,-62.98327,2024-10-01
31.20884,49.21664,2024-10-02
-14.93854,-62.42066,2024-10-01
-15.61448,-62.30416,2024-10-01
-14.18513,-46.45634,2024-10-01
-27.37584,30.75483,2024-10-01
-16.71581,-57.39702,2024-09-30
-23.39691,47.65173,2024-10-01
-16.52784,36.23421,2024-10-01
-10.69611,36.95757,2024-10-01
-10.62057,35.89045,2024-10-01
-13.99408,30.86,2024-09-30
-12.74684,34.84773,2024-10-01
-12.08938,27.656,2024-09-30
-16.50813,136.70007,2024-09-30
-16.87053,36.60871,2024-09-30
-4.22043,143.80328,2024-10-03
-4.71242,16.55291,2024-09-30
52.85087,115.64896,2024-10-02
-15.76833,39.27831,2024-10-01
-16.49386,135.66183,2024-10-02
-16.25591,23.48957,2024-10-01
-14.62403,-62.35189,2024-10-03
-14.4753,-63.0051,2024-10-03
-12.96221,35.31722,2024-10-01
-15.0576,-61.94206,2024-10-02
-22.60564,-44.02625,2024-09-30
-14.39621,19.06827,2024-09-30
-13.11898,-67.59308,2024-10-02
-14.93927,131.99332,2024-10-02
-14.54824,143.59064,2024-10-03
-14.54374,-62.55518,2024-10-02
-12.48221,-63.88005,2024-09-30
-16.54733,36.59467,2024-09-30
-19.44822,44.60193,2024-10-03
-25.00722,-60.70657,2024-10-01
-16.28716,136.70827,2024-10-03
-15.08912,33.12294,2024-10-01
-10.11432,39.07403,2024-10-01
-6.51431,-43.99125,2024-10-02
45.08929,65.07778,2024-10-03
31.56463,-102.91679,2024-10-03
-5.11624,13.47821,2024-10-02
-18.01201,-59.51593,2024-10-02
30.82918,47.32638,2024-09-30
-11.83922,35.74324,2024-10-01
-16.92964,37.9311,2024-09-30
-9.23935,37.44834,2024-10-01
-8.04009,35.2395,2024-10-02
48.98119,34.51251,2024-10-01
-3.93369,26.675,2024-09-30
-15.45771,-64.00782,2024-10-02
-14.80383,-66.51085,2024-10-01
43.88748,-122.20663,2024-10-01
-14.76495,39.02892,2024-09-30
-15.48286,-63.7499,2024-09-30
-8.87969,37.12286,2024-10-02
-16.35825,21.25283,2024-10-02
-18.36991,-58.89009,2024-10-02
-12.70931,132.12228,2024-09-30
-16.80668,-55.95629,2024-09-30
22.67619,56.32748,2024-10-02
-3.39064,-54.07994,2024-10-02
44.89475,-107.46809,2024-10-02
-6.93509,29.57931,2024-10-03
-18.93825,-65.77386,2024-09-30
30.01389,117.99995,2024-09-30
-12.72663,-67.61765,2024-10-02
-34.76175,-64.74688,2024-09-30
53.80714,-82.55782,2024-09-30
-9.70775,31.84425,2024-10-01
-13.16107,31.64172,2024-10-01
-21.12759,46.88584,2024-09-30
-16.94164,35.73191,2024-09-30
-8.6305,141.03142,2024-10-01
-16.6686,36.14045,2024-10-01
-11.01429,-46.5073,2024-10-02
-13.1021,-67.57035,2024-10-02
-4.47418,32.68906,2024-10-03
-13.45733,-64.22272,2024-10-01
5.31623,31.25634,2024-09-30
-13.66477,37.8256,2024-09-30
-15.89788,19.23197,2024-09-30
-15.05217,-62.02399,2024-10-01
-14.96322,-62.28669,2024-10-02
49.68046,37.40818,2024-10-01
-16.5227,133.33636,2024-10-02
-15.55959,136.04095,2024-10-02
-16.41486,35.96023,2024-10-01
-7.34351,-46.21323,2024-10-02
-17.35032,47.20061,2024-09-30
49.02177,72.31839,2024-09-30
-17.73973,36.03891,2024-10-01
-13.01713,35.62766,2024-09-30
-16.88786,38.72964,2024-09-30
-8.18535,-42.56499,2024-09-30
-16.13971,-55.41795,2024-10-01
-14.53877,-62.41264,2024-10-03
52.13433,20.25069,2024-09-30
-12.30304,134.93335,2024-09-30
51.11625,61.25405,2024-10-01
2.52134,103.8066,2024-09-30
-6.27005,-42.71537,2024-10-01
-14.54428,37.50392,2024-10-02
-15.31881,34.1703,2024-09-30
-15.16828,-61.87126,2024-10-02
25.72905,112.70692,2024-10-02
-24.98852,45.03965,2024-09-30
-16.29008,135.82338,2024-10-01
-28.62828,-58.2299,2024-10-01
-23.99379,27.97573,2024-09-30
44.32128,-119.69751,2024-10-01
-16.74499,34.57606,2024-09-30
-13.26593,31.56933,2024-10-01
-11.45492,142.35899,2024-10-03
-14.16385,-63.93707,2024-10-01
38.12431,40.95858,2024-10-01
-19.78667,44.69358,2024-10-02
-4.93905,13.08123,2024-10-02
-14.25707,-65.16302,2024-10-02
-5.60868,17.25207,2024-09-30
36.77173,10.25012,2024-10-02
-14.19176,-62.94526,2024-10-02
-11.51552,28.26847,2024-10-02
-10.69956,-69.38264,2024-10-02
-14.96051,-61.87081,2024-10-02
-17.37627,-59.78472,2024-09-30
-6.45634,26.86255,2024-10-01
-3.92869,-49.69114,2024-10-03
-16.02218,-64.56103,2024-09-30
-15.70781,-62.45441,2024-10-02
39.65675,47.8746,2024-10-01
-15.06399,-61.93907,2024-09-30
-10.86007,-44.79244,2024-09-30
44.86611,-107.43134,2024-10-02
-13.29405,-66.32376,2024-10-03
-15.81658,38.86181,2024-09-30
-13.15919,-49.65191,2024-10-01
-12.80806,130.79825,2024-10-02
38.05877,67.29465,2024-10-01
-17.7051,35.81711,2024-10-01
51.54121,36.32358,2024-10-01
-16.85997,31.70909,2024-10-01
50.30804,37.60751,2024-10-03
-8.66444,14.23796,2024-10-02
-14.95552,-63.31342,2024-10-01
-17.61713,30.47953,2024-09-30
49.4712,36.63084,2024-10-02
-15.53112,-62.18813,2024-10-01
15.90786,78.26594,2024-10-03
-9.7786,-68.4187,2024-10-02
-8.75075,-45.17772,2024-09-30
-16.62167,136.77553,2024-10-03
25.67978,50.11376,2024-10-03
43.6411,-110.0573,2024-09-30
-16.43095,126.94421,2024-10-03
-10.99776,39.72318,2024-09-30
-16.82947,-57.4815,2024-10-01
-11.03792,32.02711,2024-09-30
-14.88925,-63.46479,2024-09-30
-14.72827,13.71672,2024-10-01
-4.83853,15.16696,2024-10-02
-20.0019,-55.47627,2024-10-01
-12.33082,-54.09303,2024-10-02
-18.0008,45.74721,2024-09-30
-24.02531,30.04377,2024-09-30
30.52799,73.40855,2024-10-03
-16.61822,35.86703,2024-10-01
-0.19613,37.73438,2024-10-02
-14.83296,-63.45262,2024-10-02
-14.583,-62.39949,2024-09-30
-12.31544,17.43199,2024-10-01
50.274,36.2518,2024-10-01
-14.85704,-62.86705,2024-10-01
52.87193,115.51654,2024-10-01
54.68385,116.7798,2024-10-02
-18.29017,34.18314,2024-10-01
-18.28448,44.89156,2024-09-30
-17.56459,135.2674,2024-09-30
-12.3985,35.04222,2024-09-30
-12.53714,141.7836,2024-10-01
-8.26406,146.30263,2024-10-01
-14.24004,-62.90755,2024-10-01
-12.22967,-59.24587,2024-10-02
-11.6787,24.93148,2024-09-30
-13.1219,-63.01152,2024-10-01
53.22866,42.55032,2024-10-02
-20.71959,134.13194,2024-10-01
-13.87412,29.50021,2024-10-02
-6.32731,-46.41945,2024-09-30
-16.83182,29.18211,2024-09-30
37.40845,106.62684,2024-10-02
46.19668,-113.88033,2024-09-30
44.86447,-107.39671,2024-10-02
-18.63515,35.12488,2024-09-30
47.69399,36.95522,2024-10-02
-4.34556,21.32072,2024-10-01
-17.54876,36.95638,2024-09-30
-9.59446,-54.26111,2024-09-30
-14.59215,-62.36343,2024-10-02
-11.90082,17.64547,2024-10-01
-13.46337,-61.90633,2024-10-02
-7.81597,14.62951,2024-10-02
45.14714,65.00945,2024-10-03
-15.98307,36.86112,2024-09-30
-31.48863,26.23249,2024-10-01
-13.43835,35.58563,2024-09-30
-22.03269,-48.74926,2024-10-01
30.86284,47.92556,2024-10-01
-20.86576,-51.08237,2024-10-01
-13.46474,31.19021,2024-09-30
-16.77341,20.58958,2024-10-01
52.28932,33.78593,2024-10-02
-18.26754,33.08693,2024-09-30
-9.83362,14.86806,2024-10-01
-15.19989,21.77006,2024-10-01
-38.84224,-68.07907,2024-10-01
-23.99887,27.1676,2024-09-30
-17.16495,-60.22107,2024-09-30
-17.79798,36.78322,2024-09-30
-11.27511,-69.54243,2024-10-02
-15.0702,-61.90858,2024-10-01
-9.34167,-67.6983,2024-10-02
-17.05636,37.77819,2024-10-01
-12.88713,34.92171,2024-09-30
-8.23674,36.86006,2024-10-01
30.26132,113.99343,2024-10-01
-4.17436,14.90829,2024-10-02
-20.70528,134.23529,2024-10-01
-17.00095,-59.87888,2024-10-02
-28.18433,152.57521,2024-09-30
-10.5386,32.42315,2024-10-02
-9.218,14.68013,2024-10-02
-12.22854,132.49326,2024-10-03
-26.44316,-60.95041,2024-10-01
-14.96821,-62.27897,2024-10-02
-27.17435,132.33054,2024-10-02
-16.91369,20.12809,2024-09-30
-11.45952,26.11899,2024-09-30
44.33207,-119.68357,2024-09-30
-30.97264,27.34793,2024-10-01
15.36855,108.32412,2024-09-30
-8.74194,-45.14963,2024-10-01
35.81043,-0.25539,2024-09-30
-15.1285,-63.37068,2024-09-30
32.25924,51.52993,2024-09-30
-22.23429,32.88095,2024-09-30
-11.58205,37.27722,2024-10-01
39.62995,8.79825,2024-10-01
-19.40576,44.60846,2024-09-30
-16.07547,127.90547,2024-09-30
-7.73892,31.62331,2024-10-03
-7.86111,-43.09217,2024-10-02
-9.6358,-53.59247,2024-10-01
-16.56125,135.67444,2024-10-02
-15.27384,20.77796,2024-10-01
29.69868,6.69762,2024-09-30
42.33648,-91.29034,2024-10-02
-16.62561,32.8945,2024-09-30
30.00733,-93.98521,2024-10-03
48.88029,38.9229,2024-10-01
47.87197,33.44207,2024-10-01
0.20504,-51.10882,2024-10-02
-13.42647,35.0751,2024-09-30
31.7167,49.58842,2024-10-01
-22.07687,47.8305,2024-09-30
-14.29772,19.96031,2024-10-02
-15.81259,16.2667,2024-10-02
-16.62043,21.45363,2024-10-02
-20.64968,-48.75051,2024-09-30
-11.08066,-65.56701,2024-10-01
-15.31309,-63.9455,2024-10-01
-15.18992,-63.49612,2024-10-02
55.26703,61.44666,2024-09-30
-19.96289,45.42909,2024-10-03
-17.63197,-57.82077,2024-10-03
-13.41568,-63.04794,2024-09-30
-11.51821,-65.27937,2024-10-02
-10.11484,39.35318,2024-10-01
-17.27921,36.31802,2024-10-01
-7.86795,137.98009,2024-09-30
-10.28119,32.41772,2024-09-30
-16.55436,133.35045,2024-10-03
-25.63975,-57.99175,2024-09-30
-10.43699,-45.27534,2024-10-02
-17.6567,145.1375,2024-10-01
-12.96691,34.86837,2024-10-01
30.89896,5.58138,2024-09-30
-22.50479,-63.75719,2024-09-30
-8.35472,39.07493,2024-09-30
-16.60743,-57.30559,2024-10-01
-15.14054,-63.44742,2024-10-01
-3.57987,22.3017,2024-09-30
-16.32297,-63.63355,2024-10-03
22.21416,84.87389,2024-09-30
-22.73605,-43.75771,2024-10-01
49.93663,38.02128,2024-10-02
-13.92447,-63.37052,2024-10-02
-8.53451,39.1993,2024-10-01
31.03764,74.47427,2024-10-02
-17.27282,-56.46074,2024-10-01
-2.94359,-40.4998,2024-09-30
-10.79113,36.69071,2024-10-01
-16.78222,37.44224,2024-09-30
48.48237,37.48648,2024-10-01
-14.7831,-61.18548,2024-10-03
-8.86172,142.28607,2024-09-30
-16.80589,-65.48869,2024-09-30
-21.81037,30.99295,2024-10-01
-15.44977,23.05496,2024-09-30
-7.84596,-44.81895,2024-10-01
-16.12903,-63.46072,2024-10-02
-20.08686,-45.08787,2024-09-30
-8.57158,14.9394,2024-10-01
42.71738,24.17299,2024-10-01
-11.92517,34.09124,2024-09-30
-13.7512,-63.25867,2024-10-02
-13.17683,36.2934,2024-09-30
-11.31252,35.40809,2024-10-01
29.86614,47.81713,2024-10-02
-24.34025,45.90407,2024-10-01
-21.47662,-63.53048,2024-10-01
41.4536,1.97944,2024-09-30
-11.52778,-63.69628,2024-10-02
-10.26789,-68.76411,2024-10-03
-13.58433,35.6432,2024-09-30
-14.94741,-62.82519,2024-09-30
-12.2863,-67.80727,2024-10-01
-7.66881,37.20094,2024-10-02
-21.89668,-56.10756,2024-10-02
-14.75296,29.65829,2024-09-30
41.93523,-0.41949,2024-10-03
-14.48871,32.20545,2024-10-01
-6.08908,30.07599,2024-09-30
30.21679,68.28108,2024-10-02
-15.99236,136.70717,2024-09-30
-16.70567,36.36428,2024-10-01
-17.14545,-56.20388,2024-10-01
-18.80686,44.54402,2024-10-01
-16.83311,39.0761,2024-09-30
-10.23067,-74.80949,2024-10-01
44.88097,-107.52385,2024-10-02
-17.4577,31.27492,2024-09-30
-19.33865,45.37432,2024-10-02
-18.89493,-54.51562,2024-10-03
-13.49639,14.46225,2024-10-01
-27.55379,30.33088,2024-09-30
-13.83736,35.34931,2024-09-30
-4.09511,-48.47594,2024-10-02
-15.48636,129.14375,2024-10-02
-10.56089,-64.50056,2024-10-02
36.71791,51.04819,2024-09-30
-9.47915,16.11377,2024-10-01
22.79914,86.2048,2024-10-02
-8.72393,35.7345,2024-09-30
-13.58671,36.7676,2024-10-02
-14.26117,-63.09987,2024-10-01
-13.12761,136.28841,2024-10-01
-1.00905,23.34998,2024-10-01
-21.60656,-50.77779,2024-10-01
-12.33339,-66.34215,2024-10-01
-17.63922,-58.9294,2024-10-01
22.70988,39.02983,2024-10-01
-17.94816,46.35749,2024-09-30
-12.03824,27.57088,2024-09-30
-18.89816,21.0737,2024-10-01
-16.77195,-57.78202,2024-09-30
-1.50237,38.16765,2024-09-30
-13.45468,-64.19738,2024-10-02
-9.91064,-68.85838,2024-10-02
-15.35132,21.12299,2024-10-02
29.37328,-94.92859,2024-09-30
50.18164,37.68631,2024-10-02
-12.2427,-66.02452,2024-10-02
-15.83607,30.79478,2024-10-01
-17.07342,-56.73669,2024-10-01
-16.67162,-57.23134,2024-10-01
-6.64505,-45.33284,2024-10-02
-12.89384,37.1096,2024-09-30
-13.7278,36.26603,2024-09-30
-17.65751,135.09203,2024-09-30
-17.83539,-59.34993,2024-10-01
-12.8923,-62.45802,2024-10-03
-14.66867,144.50838,2024-10-02
-15.80556,37.67176,2024-09-30
33.81841,-118.24482,2024-10-02
38.10715,22.48162,2024-09-30
-11.25524,-45.67829,2024-09-30
-14.75398,-61.75781,2024-10-01
-19.41876,44.52534,2024-10-01
-16.55852,36.2596,2024-09-30
-8.88722,-75.45203,2024-10-02
-12.18566,36.94596,2024-10-02
-26.43484,-60.94921,2024-10-01
-10.56052,-59.48156,2024-10-02
-8.42403,35.13511,2024-10-02
-10.37846,33.39212,2024-09-30
10.5919,-66.3923,2024-10-02
46.26193,49.73318,2024-09-30
-14.72315,30.41253,2024-09-30
38.02883,40.65722,2024-10-01
-15.57045,-41.23683,2024-10-01
-7.61238,36.74205,2024-09-30
-10.4935,14.56217,2024-10-01
-17.39123,44.28904,2024-10-01
-12.14409,27.08944,2024-10-02
-5.38878,13.18898,2024-10-02
-12.1684,-50.07663,2024-10-02
44.91022,-107.53149,2024-10-02
-7.13344,30.97671,2024-09-30
36.26399,33.72873,2024-10-02
-18.12222,33.03588,2024-09-30
-15.52263,-61.65485,2024-10-02
-11.99876,26.84699,2024-10-02
-5.2564,13.25387,2024-10-02
-14.65761,-63.93731,2024-10-02
-14.67533,-62.47923,2024-10-01
-1.97742,-48.69472,2024-09-30
38.06403,22.41768,2024-10-01
-16.97197,34.42338,2024-09-30
-7.61482,36.73028,2024-10-02
-25.56396,148.70107,2024-09-30
-8.6972,16.79104,2024-10-02
-13.80065,19.76012,2024-09-30
-6.08669,-52.83245,2024-10-03
-25.48878,27.09926,2024-09-30
-5.01004,27.05748,2024-10-01
-12.32412,141.90501,2024-10-02
-15.49282,-62.23304,2024-10-01
-15.47415,29.16156,2024-09-30
-15.31264,-63.95104,2024-10-01
-14.35781,-62.87154,2024-10-02
-16.51574,36.39587,2024-09-30
-14.17616,-46.46505,2024-10-01
-11.08462,36.36327,2024-09-30
-15.49003,18.50453,2024-09-30
-12.54248,36.37029,2024-10-01
-9.1599,-76.7754,2024-10-01
-16.76276,33.65602,2024-09-30
-11.75679,31.99397,2024-09-30
-16.72271,122.78895,2024-09-30
-14.11356,32.52464,2024-09-30
29.06733,-95.75175,2024-09-30
-16.79107,39.01965,2024-09-30
-7.7903,13.19197,2024-09-30
-14.39661,-63.96405,2024-10-01
44.97587,-107.46938,2024-10-02
61.01856,72.61992,2024-10-01
-15.13218,-61.96751,2024-10-02
-3.22326,-50.79675,2024-10-03
-14.91357,-64.01353,2024-09-30
-14.52035,17.87522,2024-09-30
-17.61438,-59.68163,2024-10-01
-16.39585,20.8643,2024-10-01
27.96897,77.57494,2024-10-03
53.25769,116.38756,2024-10-01
-13.06671,-65.80514,2024-10-02
15.9394,108.07253,2024-10-01
-31.62548,26.08576,2024-10-02
52.01395,51.69143,2024-09-30
-15.18969,39.48095,2024-10-01
43.88288,-122.18127,2024-10-02
37.49297,38.70259,2024-10-02
-11.33408,-46.85212,2024-09-30
-14.90841,-63.5738,2024-10-02
-11.48296,38.75996,2024-10-01
-7.62987,-44.75438,2024-10-02
-26.24451,26.66127,2024-10-02
-20.77166,45.64227,2024-09-30
44.50542,-115.71824,2024-10-02
-10.61315,35.89727,2024-09-30
-21.49547,-48.40765,2024-10-02
-24.23552,-64.04589,2024-10-01
49.13859,43.7511,2024-09-30
-14.58526,-41.39263,2024-09-30
-14.71585,-62.53743,2024-10-03
-6.62959,14.40119,2024-10-02
-9.98266,37.70119,2024-10-01
-15.26695,37.00053,2024-09-30
-12.72096,-46.42873,2024-09-30
-14.72291,-62.1982,2024-10-02
-15.45671,129.17818,2024-10-01
-17.38378,30.63055,2024-09-30
-4.93028,-45.63887,2024-10-02
43.43566,67.4833,2024-10-03
-3.68432,105.65981,2024-10-03
-19.5508,44.64402,2024-10-02
-10.81997,33.85878,2024-10-02
-12.29297,134.93317,2024-10-01
-14.93654,-63.38583,2024-10-01
-15.55553,-64.6789,2024-10-01
-12.89472,-62.49005,2024-10-02
-17.21722,134.64537,2024-09-30
-16.54414,-58.22133,2024-10-03
43.88651,-122.20144,2024-10-01
-19.69827,33.3026,2024-09-30
-12.56796,35.93636,2024-09-30
-16.48518,135.86192,2024-09-30
-18.03407,31.68137,2024-09-30
-16.1287,-64.58516,2024-10-01
44.91133,-107.45641,2024-09-30
-16.65136,35.71042,2024-09-30
44.82674,20.99705,2024-10-02
-14.89786,-62.83959,2024-10-02
33.23532,-87.50515,2024-10-03
53.7307,-84.87326,2024-09-30
-12.66246,13.18577,2024-09-30
-17.34841,31.62112,2024-09-30
30.94865,114.85832,2024-10-02
-25.97455,148.27666,2024-10-02
-14.21436,-62.98506,2024-10-01
-10.24302,-47.68363,2024-10-02
-3.07087,35.83007,2024-10-02
51.70305,34.20862,2024-09-30
39.37,106.96036,2024-10-01
-23.98904,27.98671,2024-09-30
-13.48717,37.51748,2024-10-01
-15.13195,-62.02946,2024-10-01
-15.58691,-42.07416,2024-10-01
-16.14098,-63.50313,2024-10-01
3.80744,116.76957,2024-10-02
-11.09697,31.94708,2024-10-01
-20.4396,44.61715,2024-10-03
-10.14904,34.80555,2024-10-01
-28.54218,-59.50316,2024-10-02
35.69699,45.42944,2024-09-30
-12.60324,-65.81891,2024-10-02
-16.96285,-56.17862,2024-10-01
-14.60694,-63.97174,2024-10-01
-29.52116,-59.70961,2024-10-02
-12.50841,17.03834,2024-09-30
-7.50122,15.01959,2024-10-01
-11.57603,28.51412,2024-10-02
-15.66466,15.23407,2024-10-02
45.26009,-114.87571,2024-10-03
-10.64914,37.98896,2024-10-01
30.66441,50.32852,2024-10-02
-5.10151,13.33832,2024-10-02
-13.68554,40.29015,2024-10-02
-14.22103,-63.34213,2024-10-02
-12.6425,-63.11446,2024-10-02
35.64587,111.27451,2024-10-03
-14.80955,-62.58726,2024-10-03
24.64895,46.86224,2024-09-30
-8.71073,39.20486,2024-10-02
-22.1058,45.36626,2024-09-30
-12.91457,36.85839,2024-10-01
-15.61337,-62.24204,2024-10-02
-14.94338,38.62311,2024-10-02
-22.92154,-43.75547,2024-10-02
-17.1996,37.79713,2024-09-30
-18.65127,46.72047,2024-10-01
44.96255,-107.50133,2024-10-02
24.68989,-107.46473,2024-10-01
-15.24311,-63.36961,2024-10-01
48.64456,38.00596,2024-10-02
-12.51186,142.26805,2024-10-01
-13.05662,35.71861,2024-10-02
-15.1721,-63.30724,2024-10-02
-1.92159,-44.80696,2024-10-01
-13.90522,20.82561,2024-10-02
-9.79613,29.3973,2024-10-01
-9.8877,37.14818,2024-10-01
-15.944,-57.18997,2024-09-30
-14.72378,-62.39939,2024-10-02
-11.98161,20.14675,2024-10-02
-29.24106,-60.7891,2024-10-02
-6.38738,-52.70335,2024-10-02
-21.36381,-48.50376,2024-09-30
50.9061,36.2729,2024-10-02
-11.45884,142.23625,2024-10-03
-14.0855,-65.26329,2024-09-30
-15.24096,125.30865,2024-09-30
-18.00969,34.27177,2024-10-01
-16.76955,-57.77757,2024-10-01
-10.00991,120.2129,2024-10-02
-16.40318,30.218,2024-10-01
-15.79568,-63.01318,2024-10-02
-18.03988,33.7096,2024-09-30
-17.83575,138.65291,2024-10-02
-16.94732,-56.17449,2024-10-01
-12.03285,-66.19031,2024-10-02
-11.27813,34.07733,2024-09-30
-16.4647,135.95288,2024-09-30
36.73408,36.21097,2024-10-02
-28.21458,-58.19045,2024-10-02
-16.56827,-56.06075,2024-10-01
-10.548,32.54315,2024-09-30
32.61221,-93.97151,2024-10-01
-9.69557,39.58173,2024-09-30
-17.05715,-56.72798,2024-09-30
-9.06082,25.88503,2024-09-30
-15.71823,-63.03353,2024-10-02
-18.713,33.90626,2024-09-30
-14.92161,-63.56626,2024-10-02
-14.19531,-65.21094,2024-10-01
-4.93681,-76.30124,2024-10-02
-14.65956,17.53069,2024-09-30
-14.18587,-64.20578,2024-10-02
52.34634,33.69849,2024-10-01
-16.13879,38.44091,2024-09-30
38.06486,22.43465,2024-10-01
-16.1344,-63.45215,2024-10-02
35.55085,-96.23779,2024-10-02
29.92885,56.73307,2024-10-01
-30.87062,-64.61118,2024-10-01
54.59906,40.77522,2024-09-30
-15.97397,36.70878,2024-09-30
-40.85064,145.38396,2024-10-01
-16.61288,36.64635,2024-09-30
-14.78236,-61.19171,2024-10-02
-18.14401,34.65659,2024-09-30
-16.83831,38.75236,2024-10-01
-14.92336,-62.80353,2024-10-01
44.96745,-107.47931,2024-10-02
-15.72627,37.15628,2024-10-01
-28.1954,-60.29387,2024-10-01
-17.04101,-58.3919,2024-10-02
49.05493,37.62187,2024-10-02
-16.44987,-51.06135,2024-10-03
36.72124,43.05354,2024-10-03
38.11606,39.66056,2024-10-02
51.77731,119.04375,2024-09-30
-15.35533,-63.0406,2024-09-30
-15.85705,-62.9734,2024-10-02
-11.07837,35.69358,2024-10-01
-11.05391,-52.48855,2024-09-30
44.82267,-115.01749,2024-10-02
34.19566,-116.94682,2024-09-30
-16.84546,-57.76235,2024-10-02
10.26211,-74.33842,2024-10-02
-14.52698,-62.79865,2024-10-02
-20.00634,-44.52908,2024-10-01
53.57781,115.47466,2024-10-02
-15.69344,39.11372,2024-10-02
49.13216,43.75033,2024-09-30
-14.64013,132.08524,2024-09-30
-14.48714,-62.99813,2024-10-03
-4.12926,14.8279,2024-10-02
52.57387,43.93717,2024-10-01
-5.15851,12.53986,2024-10-02
34.62587,46.91964,2024-10-01
-16.79724,46.33115,2024-10-03
-14.93389,-63.42924,2024-10-02
38.85204,100.81316,2024-09-30
-14.50509,36.43914,2024-10-01
44.89391,-107.48759,2024-09-30
48.79422,31.63063,2024-10-01
-17.53029,-59.61604,2024-10-01
-9.01368,-69.0955,2024-10-02
-7.48024,30.1706,2024-10-02
28.45446,47.87483,2024-10-03
48.77311,35.08744,2024-10-01
-6.27061,-42.71897,2024-10-01
-16.59642,-55.97053,2024-09-30
-12.69887,-65.66062,2024-10-02
-13.57944,-51.16584,2024-10-01
-15.20038,145.19896,2024-10-03
-5.3204,-47.90248,2024-09-30
-13.04243,130.26753,2024-09-30
-13.01266,-51.30692,2024-10-01
-11.52637,-67.43208,2024-10-01
30.8664,47.92271,2024-09-30
49.00554,131.89774,2024-10-02
-13.01718,16.98359,2024-10-02
46.38724,-118.49191,2024-10-02
-5.498,119.82966,2024-09-30
53.27483,115.24522,2024-09-30
-14.30258,-61.67834,2024-10-02
-15.47141,-63.00931,2024-10-02
-14.88648,-62.8752,2024-10-02
-15.96932,-61.69894,2024-10-02
38.15022,39.72697,2024-09-30
-11.69115,33.94323,2024-10-01
-10.78215,31.73569,2024-10-01
-20.31679,134.43971,2024-10-03
-18.40099,33.32772,2024-09-30
-15.60888,39.37975,2024-09-30
-10.74001,32.76724,2024-10-02
-5.53629,37.0232,2024-10-02
-2.96337,16.14399,2024-09-30
-26.18812,-64.18057,2024-10-02
-18.43732,32.72776,2024-09-30
-17.1123,35.36937,2024-10-01
-38.33236,-69.06024,2024-10-03
-16.60175,-62.0693,2024-10-01
-14.43192,-63.09001,2024-10-01
-7.90075,27.12343,2024-09-30
-18.0379,-58.56752,2024-10-01
-16.71725,18.77178,2024-10-01
-15.11756,-61.97178,2024-10-01
-9.7443,31.5798,2024-09-30
-2.84231,17.44029,2024-10-02
-12.21144,29.15221,2024-10-02
-24.1306,151.45766,2024-09-30
-20.76539,134.27681,2024-10-03
37.58086,39.58276,2024-10-01
-9.71265,-58.44317,2024-10-02
-16.58101,38.74564,2024-09-30
-8.85033,-45.515,2024-10-03
-31.19783,149.56619,2024-10-01
-13.93457,-63.34688,2024-10-01
-15.14999,39.6761,2024-10-01
-16.9789,22.70598,2024-10-01
-27.19518,-61.46308,2024-10-03
-14.62097,-63.96465,2024-10-01
-10.60565,-68.93311,2024-10-01
-17.52402,37.16095,2024-10-01
-14.90325,-63.2792,2024-09-30
-14.92063,-62.43329,2024-10-02
51.95942,41.36142,2024-09-30
-19.11917,48.15017,2024-10-02
-14.73597,-63.50161,2024-10-02
-4.56489,15.24122,2024-10-01
-28.88115,-60.67543,2024-10-02
-16.35247,-63.63615,2024-10-02
-7.28488,39.0445,2024-10-02
-9.57858,-50.19299,2024-09-30
27.68272,52.2497,2024-09-30
-19.9826,-55.47422,2024-10-01
-12.74736,132.13808,2024-10-02
-15.01163,-64.06588,2024-10-02
-13.01953,-65.26057,2024-10-01
-24.08517,-61.41309,2024-09-30
-35.34089,-65.99577,2024-10-02
50.99925,61.12061,2024-10-02
-11.46994,142.28044,2024-10-03
-17.58176,135.2598,2024-09-30
-18.22223,-57.71031,2024-10-03
-23.08594,33.70968,2024-10-02
-13.04977,-51.14944,2024-10-03
-16.5043,36.35758,2024-10-01
35.69651,-101.36531,2024-09-30
-9.06645,15.80155,2024-10-01
-10.72474,34.89931,2024-10-01
30.88642,47.3348,2024-10-01
-15.09868,19.1231,2024-09-30
-15.01185,14.48971,2024-10-02
42.33915,-91.28898,2024-10-02
-17.0447,17.50221,2024-10-01
-17.19023,33.22088,2024-09-30
-13.63606,-62.74118,2024-10-02
-5.93448,-41.97202,2024-10-02
-18.43197,31.92208,2024-09-30
46.25421,49.74198,2024-09-30
30.22956,50.89323,2024-10-02
51.14113,37.92883,2024-10-02
32.11686,47.40738,2024-10-01
-15.96725,36.69386,2024-09-30
-29.36055,-60.55454,2024-10-01
-13.82079,20.04372,2024-09-30
-16.52767,135.6628,2024-10-02
-15.11676,-62.15643,2024-10-01
-21.52467,33.60249,2024-09-30
-14.98111,-63.63967,2024-10-02
-4.1838,143.77214,2024-10-03
-12.54594,33.87924,2024-10-01
-16.56713,-58.2482,2024-10-02
-12.58716,18.86935,2024-09-30
-16.34747,37.42446,2024-09-30
-13.1265,-67.64466,2024-10-01
-11.64356,38.02062,2024-10-01
57.91896,60.01223,2024-09-30
-16.93279,38.04889,2024-10-01
-16.57177,35.87432,2024-10-01
-26.02617,29.18859,2024-10-02
48.23926,37.32756,2024-09-30
-14.4372,-65.84862,2024-10-01
-16.11788,36.75381,2024-10-01
-10.40515,16.02172,2024-10-02
-10.64169,22.60967,2024-09-30
-28.74701,-59.67944,2024-10-02
-6.15284,37.1216,2024-10-03
-16.12479,34.56379,2024-09-30
-13.93319,18.96359,2024-10-02
-14.97363,132.10814,2024-10-02
-23.99918,27.96242,2024-09-30
-13.46646,36.76025,2024-09-30
-18.02574,-58.62811,2024-10-02
-15.01041,-64.20293,2024-10-02
48.59134,35.83141,2024-10-03
13.66379,28.51978,2024-10-01
-10.11066,-64.42044,2024-10-03
-20.81071,-42.30247,2024-10-02
-11.42593,32.28293,2024-10-01
-14.93735,-63.70686,2024-10-02
-10.91075,37.8247,2024-10-01
-7.99079,131.22154,2024-10-01
-16.51486,136.18384,2024-10-02
-16.69941,35.90435,2024-10-01
-17.06423,-56.74374,2024-09-30
-16.55713,135.74757,2024-10-02
-14.64801,-62.36382,2024-10-02
-14.91206,18.96661,2024-10-02
-10.57377,-64.00027,2024-10-02
-13.63386,-66.88722,2024-10-01
-3.75754,-51.63176,2024-10-02
-15.62499,15.16983,2024-09-30
-15.14684,-63.37078,2024-10-01
-14.36387,-62.97444,2024-10-01
-11.07533,23.25919,2024-09-30
-24.37254,28.08086,2024-09-30
-20.13499,30.87498,2024-09-30
-7.21379,-44.22359,2024-10-02
-13.25682,31.57848,2024-10-01
-14.63239,-63.04907,2024-10-02
-10.22931,-52.72935,2024-09-30
-15.26864,125.32467,2024-10-01
-13.84298,18.04774,2024-10-01
-17.97512,-58.61063,2024-09-30
-15.70961,16.3393,2024-10-01
52.94594,44.6385,2024-09-30
-14.61164,-62.46481,2024-10-02
-13.01192,35.70907,2024-09-30
-16.77497,38.85647,2024-09-30
-11.9313,20.29654,2024-10-01
-17.39037,-60.00781,2024-10-02
54.59898,40.79167,2024-10-02
-7.87047,35.3274,2024-10-02
-16.30007,36.6989,2024-10-01
-8.83663,-69.3945,2024-10-02
-6.79338,14.70777,2024-10-02
-15.94316,32.44699,2024-09-30
-16.28996,47.89685,2024-10-02
-10.5052,-68.67145,2024-10-02
-4.83086,38.9846,2024-10-01
-10.50317,33.35641,2024-10-02
-10.25343,35.48372,2024-10-01
-15.03199,-61.94474,2024-10-03
-12.84373,19.47119,2024-10-02
8.01788,80.98354,2024-10-01
-20.47757,45.69819,2024-10-02
-10.6529,-53.676,2024-10-02
-16.22267,36.76674,2024-09-30
-16.76454,30.33051,2024-09-30
-16.30875,35.75542,2024-09-30
52.03853,31.99151,2024-10-03
-17.9372,34.99756,2024-10-01
-11.62794,28.54051,2024-10-02
-16.45561,126.95841,2024-10-01
-16.07346,-47.51778,2024-09-30
-14.55323,-63.03927,2024-10-02
-14.9514,132.05014,2024-10-02
-10.77995,37.1538,2024-10-01
-3.93482,-49.99363,2024-10-03
-9.96535,-64.77428,2024-10-03
32.75623,-104.21078,2024-10-02
-16.94158,19.84327,2024-10-02
-8.72293,141.17465,2024-10-01
-21.41401,-50.97317,2024-10-01
-15.99855,31.94312,2024-09-30
-15.05633,-61.90639,2024-10-01
-12.92182,-51.20625,2024-10-01
-29.61742,-61.14887,2024-10-02
-17.08453,-56.20452,2024-10-01
-14.8765,-58.15164,2024-10-01
-21.30609,-49.22627,2024-09-30
-21.53575,-45.88619,2024-09-30
-10.11024,14.48802,2024-10-02
-14.31587,-63.0007,2024-10-02
-12.35554,-66.17545,2024-10-01
-13.62238,35.84284,2024-09-30
-14.66299,-65.95351,2024-10-02
-13.7751,-61.67678,2024-10-02
-17.67937,135.14621,2024-09-30
-17.63481,135.26726,2024-09-30
-15.6435,28.46,2024-10-01
-14.25882,14.69093,2024-10-01
-15.7879,-63.01537,2024-10-02
-5.69707,37.33487,2024-10-01
-12.8259,-65.77099,2024-09-30
-7.87711,17.44762,2024-10-01
-13.44788,-63.23432,2024-10-02
-13.10688,29.63454,2024-09-30
55.06929,61.03652,2024-10-01
-18.28301,30.13404,2024-09-30
48.79185,31.62697,2024-10-02
-7.84104,-43.08627,2024-10-01
48.17737,38.73014,2024-10-02
-9.17087,33.39414,2024-10-02
-7.54091,36.87857,2024-10-01
-28.23454,-60.29499,2024-10-01
-14.19396,-63.3208,2024-10-02
-3.46537,-69.3767,2024-10-01
-14.52898,-63.65318,2024-10-02
-24.06562,27.87914,2024-09-30
-16.15832,36.63398,2024-09-30
-15.83518,-63.78505,2024-10-01
-12.41807,35.33623,2024-09-30
-12.76142,-62.88135,2024-10-01
-14.76634,-61.2395,2024-10-02
45.75455,38.089,2024-10-03
-14.48605,-62.99567,2024-10-02
-14.87522,-62.63261,2024-10-01
-18.07972,-58.53736,2024-10-02
-7.77754,35.08754,2024-10-02
-2.8814,-50.73982,2024-09-30
-5.37247,16.68348,2024-09-30
44.83672,-107.3199,2024-10-03
-15.46127,47.95267,2024-10-01
-16.08438,38.58517,2024-10-02
-17.8527,35.45504,2024-09-30
-8.21075,26.89928,2024-09-30
37.93267,40.80499,2024-10-01
-17.73332,135.09993,2024-09-30
-18.10155,34.78294,2024-09-30
-26.94112,-61.10118,2024-10-02
-15.45293,141.85547,2024-10-03
-6.19592,-44.12199,2024-10-03
43.61077,-110.02541,2024-09-30
-10.25614,32.6144,2024-09-30
-17.99208,19.30446,2024-10-02
-4.14493,26.01669,2024-09-30
52.80449,115.402,2024-10-02
-32.22457,116.15833,2024-10-01
-20.21294,134.52542,2024-10-02
-14.37165,-62.88556,2024-10-01
-9.9484,-64.90951,2024-10-02
-14.35607,-63.94019,2024-10-02
10.07835,-64.86552,2024-10-02
-9.5786,33.05131,2024-10-02
-16.29098,36.92439,2024-09-30
-14.63531,13.51902,2024-09-30
-16.22972,16.98179,2024-10-01
-21.51233,46.47311,2024-10-03
38.11334,22.40616,2024-09-30
-19.69246,33.29024,2024-09-30
-16.63285,-62.02894,2024-10-01
-1.02321,103.36234,2024-10-02
-15.0888,39.02972,2024-09-30
-13.12861,-67.57256,2024-09-30
-15.13795,-63.41262,2024-10-02
-12.14401,141.85416,2024-10-01
-15.41687,-62.99958,2024-09-30
-14.29329,-63.10645,2024-10-02
-14.29372,-62.87994,2024-10-02
-13.1043,31.70228,2024-10-02
-16.64307,35.92953,2024-10-01
-14.70438,-62.41084,2024-10-02
-11.71656,133.33759,2024-09-30
-19.09233,-48.04876,2024-10-03
48.52047,39.32952,2024-10-01
-17.70734,36.92779,2024-10-01
-11.71623,29.98595,2024-10-02
-16.75796,38.80911,2024-09-30
47.95758,40.48721,2024-10-01
-3.59574,16.01857,2024-09-30
-15.62026,32.80014,2024-09-30
-16.44678,139.55704,2024-10-01
-22.45582,-56.30613,2024-10-01
12.61775,26.63527,2024-10-02
-26.18393,32.42254,2024-10-01
-2.79585,25.80709,2024-10-01
-14.06378,136.53857,2024-09-30
-5.01447,15.41507,2024-10-02
-18.63682,33.02419,2024-10-01
-14.00536,-63.96251,2024-10-01
-11.50586,32.05384,2024-09-30
-16.59293,-49.15465,2024-09-30
-8.46608,36.87715,2024-10-01
-14.87669,-63.25603,2024-10-01
-15.28345,145.29735,2024-10-03
-13.18988,-65.9055,2024-09-30
-18.12468,-57.68834,2024-10-03
-21.79551,31.01731,2024-10-01
-8.70753,140.69971,2024-10-01
-14.9699,132.02779,2024-10-02
-15.05203,19.62843,2024-10-02
-16.97613,25.0633,2024-09-30
-13.39308,30.69091,2024-09-30
-15.3331,17.40559,2024-09-30
-14.32808,18.61135,2024-09-30
-12.58862,35.68604,2024-09-30
-15.31869,-63.06559,2024-10-01
52.8648,115.50317,2024-10-01
-12.25334,-66.02863,2024-10-02
-15.14001,125.24825,2024-10-03
-28.58598,29.26385,2024-09-30
-27.1148,-64.99831,2024-10-01
-12.86271,16.49035,2024-10-02
-21.72109,43.62946,2024-10-01
-14.0764,136.50749,2024-09-30
-16.48235,135.86668,2024-09-30
-9.36875,-65.83762,2024-10-03
-22.08274,32.36375,2024-10-01
-8.48494,117.62604,2024-10-01
-13.12767,37.67186,2024-10-01
-18.28076,45.50887,2024-09-30
-17.6197,135.06793,2024-09-30
-13.12428,-51.42748,2024-10-02
-15.89795,35.76203,2024-10-01
34.81023,50.83585,2024-09-30
-10.71121,31.77934,2024-10-02
45.14005,38.64497,2024-09-30
-16.62647,39.02782,2024-09-30
-13.40704,-64.16298,2024-10-03
-6.19464,-64.86856,2024-10-02
-4.91055,13.96708,2024-10-02
-16.75581,20.6825,2024-10-02
-12.60277,-65.78279,2024-10-01
-11.0513,-52.50161,2024-10-02
-12.14099,-50.04648,2024-10-02
-12.14852,-50.06425,2024-10-01
-14.5881,-62.4925,2024-10-02
-21.59208,-50.79327,2024-10-01
47.64071,34.89392,2024-10-02
-16.74896,-57.41461,2024-10-01
-29.30161,-59.5701,2024-10-02
-17.16202,-59.6498,2024-10-02
32.32174,15.22074,2024-10-01
-16.97096,35.64506,2024-09-30
-11.01478,31.84447,2024-09-30
-25.24601,-60.23535,2024-10-01
-12.00894,35.93442,2024-09-30
64.68596,76.72449,2024-09-30
52.46793,47.52833,2024-10-02
50.55603,55.67534,2024-10-03
-10.96603,38.05721,2024-10-01
29.74107,115.09442,2024-10-02
-14.90635,132.07437,2024-10-02
-22.99405,31.45145,2024-10-01
-18.16077,34.67587,2024-09-30
-13.66911,130.82945,2024-09-30
-16.60887,39.3529,2024-10-01
-16.8306,-55.90028,2024-10-01
10.05394,-64.85732,2024-10-02
-14.07149,21.54935,2024-10-01
-13.88833,-67.27449,2024-10-01
-15.1976,145.19484,2024-10-03
45.11895,-115.39084,2024-10-02
-15.34103,-64.10922,2024-10-02
-16.54093,133.34091,2024-10-02
16.11828,32.6999,2024-10-01
-19.12353,139.14622,2024-09-30
-14.35929,-63.97135,2024-10-02
-12.91145,36.85509,2024-09-30
-11.18881,-74.35629,2024-10-02
-12.54216,-63.88481,2024-09-30
-11.23802,36.76263,2024-09-30
-12.49907,48.98192,2024-10-03
-16.75354,38.52816,2024-09-30
-13.00285,-66.02982,2024-10-01
-2.45851,35.23226,2024-10-02
-16.16387,127.87698,2024-10-02
-16.91116,36.81519,2024-09-30
-17.05726,37.80307,2024-09-30
-12.34658,36.05616,2024-10-02
-16.46552,16.56057,2024-10-02
-14.40049,-67.24442,2024-10-01
-8.41291,-40.27062,2024-10-02
-15.4584,30.48219,2024-09-30
45.03905,-114.49919,2024-10-03
-18.24045,18.62618,2024-09-30
-28.22626,-60.28523,2024-10-02
-9.12149,17.56885,2024-10-02
-20.69399,134.22972,2024-10-02
11.01129,-68.43608,2024-10-02
-15.3784,16.85261,2024-10-02
-10.11249,120.32288,2024-10-02
49.76064,37.92494,2024-10-03
-5.44117,33.70237,2024-10-03
-1.51079,38.16818,2024-09-30
-13.67328,36.87746,2024-10-01
30.68711,73.70731,2024-10-03
-2.3031,-48.56189,2024-10-03
-15.40449,129.08003,2024-10-01
-17.96816,-57.75696,2024-10-03
-12.74453,-65.78348,2024-10-03
-25.40131,29.68748,2024-09-30
36.16195,114.29713,2024-10-02
-22.69508,44.18279,2024-10-01
-15.84175,-62.98275,2024-10-02
-17.71626,135.15202,2024-09-30
-15.20949,17.92017,2024-09-30
-14.48351,-61.0915,2024-10-02
-18.60305,44.23584,2024-10-02
-5.0196,39.03852,2024-10-03
-15.51277,-65.17665,2024-10-02
9.18718,-69.23149,2024-10-01
-12.9172,-51.18884,2024-10-01
-24.35524,27.97569,2024-09-30
-25.81107,-57.64809,2024-10-01
-21.95974,44.77019,2024-09-30
-17.1619,25.95371,2024-09-30
-15.6665,37.20351,2024-09-30
-15.54674,129.15939,2024-10-02
-9.87701,120.19678,2024-10-02
-33.98928,21.87059,2024-10-02
-6.10343,15.6778,2024-10-01
0.9603,33.81577,2024-10-02
