latitude,longitude,date,T2M,T2M_MAX,T2M_MIN,RH2M,PW,PS,TOA_SW_DNI,GWETROOT,QV10M,TOA_SW_DWN,QV2M,WS10M,WS10M_MAX,Z0M,GWETPROF,WS10M_MIN,SNODP,PRECTOTCORR
36.97744522679149,-34.26468276585228,20240518,19.23,19.55,18.66,74.94,2.8,102.42,18.64,-999.0,9.95,11.18,10.19,2.7,4.78,0.0,-999.0,0.83,-999.0,0.16
36.97744522679149,-34.26468276585228,20240519,19.37,19.55,19.0,86.56,3.41,102.18,18.63,-999.0,11.66,11.2,11.96,5.32,6.14,0.0,-999.0,4.02,-999.0,1.2
36.97744522679149,-34.26468276585228,20240520,19.54,20.02,19.03,88.12,3.35,102.03,18.62,-999.0,12.02,11.23,12.33,5.91,6.53,0.0,-999.0,4.97,-999.0,1.99
-1.8272213795991945,-2.8447104280298916,20240518,27.34,27.64,27.02,83.31,5.45,101.19,15.98,-999.0,18.43,9.43,18.86,4.71,5.66,0.0,-999.0,4.05,-999.0,1.44
-1.8272213795991945,-2.8447104280298916,20240519,27.21,27.49,27.06,82.25,5.49,101.07,15.97,-999.0,18.01,9.41,18.49,5.28,5.73,0.0,-999.0,4.04,-999.0,0.88
-1.8272213795991945,-2.8447104280298916,20240520,27.11,27.31,26.93,80.12,5.32,101.14,15.96,-999.0,17.4,9.39,17.88,4.02,4.46,0.0,-999.0,3.65,-999.0,0.3
32.85343692770206,-7.163558863302626,20240518,17.34,25.39,12.94,66.38,1.88,94.34,19.97,0.46,8.12,11.18,8.18,3.94,6.26,0.04,0.47,2.11,0.0,0.05
32.85343692770206,-7.163558863302626,20240519,16.35,23.03,11.24,62.69,1.96,94.41,19.96,0.46,7.14,11.2,7.2,4.32,7.13,0.04,0.46,2.12,0.0,0.11
32.85343692770206,-7.163558863302626,20240520,16.35,23.83,10.98,62.06,1.44,94.64,19.95,0.46,6.9,11.22,6.96,3.59,6.72,0.04,0.46,0.73,0.0,0.06
-1.1579122956831078,-4.97639900512219,20240518,27.48,27.75,27.14,83.69,5.28,101.19,15.98,-999.0,18.62,9.43,19.1,4.6,6.27,0.0,-999.0,3.59,-999.0,1.21
-1.1579122956831078,-4.97639900512219,20240519,27.61,27.68,27.55,81.38,5.31,101.07,15.97,-999.0,18.19,9.41,18.74,5.75,6.48,0.0,-999.0,4.46,-999.0,1.23
-1.1579122956831078,-4.97639900512219,20240520,27.48,27.64,27.22,79.31,5.07,101.14,15.96,-999.0,17.58,9.39,18.07,4.48,4.94,0.0,-999.0,4.01,-999.0,0.33
4.282695524861431,16.78990332157089,20240518,26.32,30.8,22.56,84.06,4.52,94.34,15.98,0.38,18.55,9.97,18.98,1.8,2.95,1.47,0.41,1.23,0.0,4.43
4.282695524861431,16.78990332157089,20240519,25.21,29.54,22.0,85.69,4.79,94.36,15.97,0.38,17.64,9.96,18.13,1.57,2.25,1.47,0.41,1.19,0.0,4.95
4.282695524861431,16.78990332157089,20240520,26.23,31.06,21.46,78.69,4.8,94.37,15.96,0.38,16.91,9.95,17.52,1.26,1.98,1.47,0.41,0.54,0.0,0.44
-12.432846048000549,-49.5677303047739,20240518,28.71,37.94,20.29,40.56,1.67,98.32,15.98,0.61,8.61,8.21,9.28,3.07,4.76,0.07,0.7,1.7,0.0,0.0
-12.432846048000549,-49.5677303047739,20240519,29.94,38.21,20.76,37.56,1.69,98.28,15.97,0.61,8.61,8.18,9.46,1.97,3.89,0.07,0.7,1.01,0.0,0.0
-12.432846048000549,-49.5677303047739,20240520,29.8,37.24,22.89,48.81,1.84,98.26,15.96,0.61,12.08,8.15,12.63,2.92,4.48,0.07,0.7,1.56,0.0,0.33
-17.196230957571927,24.79924660235818,20240518,21.4,31.37,12.73,34.88,0.8,90.59,14.65,0.34,5.19,7.57,5.31,3.53,4.92,0.06,0.35,1.74,0.0,0.0
-17.196230957571927,24.79924660235818,20240519,20.7,30.63,11.94,36.44,0.97,90.61,14.64,0.34,5.62,7.54,5.68,4.08,7.09,0.06,0.35,2.34,0.0,0.0
-17.196230957571927,24.79924660235818,20240520,19.94,29.95,11.18,37.56,1.12,90.7,14.63,0.34,5.55,7.51,5.68,4.38,7.7,0.06,0.34,2.86,0.0,0.0
-24.220923967039433,-32.53210336482588,20240518,26.31,26.59,26.07,77.12,3.62,101.84,14.65,-999.0,15.75,6.59,16.3,4.39,5.77,0.0,-999.0,3.41,-999.0,0.03
-24.220923967039433,-32.53210336482588,20240519,25.69,26.19,24.23,78.88,3.66,101.85,14.64,-999.0,15.62,6.56,16.05,3.57,5.6,0.0,-999.0,1.89,-999.0,0.75
-24.220923967039433,-32.53210336482588,20240520,24.65,26.08,23.99,84.94,4.02,101.94,14.63,-999.0,15.75,6.52,16.24,5.02,6.05,0.0,-999.0,2.54,-999.0,0.85
-17.162902545651306,-48.530755074582515,20240518,23.44,32.18,15.58,45.44,1.23,91.98,15.98,0.6,7.87,7.57,8.3,2.57,3.33,0.07,0.65,1.42,0.0,0.08
-17.162902545651306,-48.530755074582515,20240519,23.3,32.35,15.83,41.38,1.21,91.95,15.97,0.6,6.84,7.53,7.2,2.16,3.14,0.07,0.65,0.11,0.0,0.0
-17.162902545651306,-48.530755074582515,20240520,23.85,33.15,16.8,43.62,1.66,91.91,15.96,0.6,7.75,7.5,8.24,2.14,3.01,0.07,0.65,1.18,0.0,0.07
-6.043156807623173,-55.55581739139707,20240518,25.41,28.51,22.6,93.0,4.42,98.29,15.98,0.95,18.98,8.91,19.29,0.69,1.28,4.48,0.95,0.28,0.0,10.25
-6.043156807623173,-55.55581739139707,20240519,25.44,28.88,21.75,92.69,3.92,98.26,15.97,0.94,19.23,8.89,19.41,0.91,1.58,4.48,0.95,0.35,0.0,9.64
-6.043156807623173,-55.55581739139707,20240520,24.79,27.52,22.99,94.69,3.91,98.21,15.96,0.95,18.8,8.86,18.98,0.83,1.3,4.48,0.95,0.61,0.0,10.02
31.253384037521442,27.879427211246067,20240518,23.48,26.85,21.6,62.31,1.91,101.5,18.64,-999.0,9.34,11.18,10.99,2.22,3.73,0.0,-999.0,0.86,-999.0,0.0
31.253384037521442,27.879427211246067,20240519,23.64,25.9,21.94,67.81,2.06,101.2,18.63,-999.0,10.74,11.19,12.08,1.6,3.55,0.0,-999.0,0.34,-999.0,0.0
31.253384037521442,27.879427211246067,20240520,22.98,24.01,22.45,75.62,2.4,101.07,18.62,-999.0,12.33,11.21,13.12,2.99,5.05,0.0,-999.0,0.99,-999.0,0.0
-20.70219607659825,-21.62110615145439,20240518,23.83,24.19,23.25,84.0,2.63,102.0,14.65,-999.0,14.83,7.16,15.26,4.52,5.62,0.0,-999.0,2.84,-999.0,0.07
-20.70219607659825,-21.62110615145439,20240519,24.31,24.68,23.98,76.88,2.58,101.92,14.64,-999.0,13.98,7.13,14.4,3.08,5.02,0.0,-999.0,1.67,-999.0,0.02
-20.70219607659825,-21.62110615145439,20240520,23.98,24.45,23.73,78.0,2.53,101.99,14.63,-999.0,13.92,7.09,14.28,2.71,4.09,0.0,-999.0,1.98,-999.0,0.0
24.497304735985537,-23.72101585856572,20240518,21.94,22.19,21.73,79.75,2.66,101.85,17.31,-999.0,12.45,11.07,12.94,5.26,6.9,0.0,-999.0,4.54,-999.0,0.06
24.497304735985537,-23.72101585856572,20240519,21.64,22.05,21.29,83.31,2.41,101.89,17.3,-999.0,12.82,11.08,13.24,5.76,6.48,0.0,-999.0,5.21,-999.0,0.05
24.497304735985537,-23.72101585856572,20240520,21.78,22.15,21.44,78.88,2.38,101.98,17.29,-999.0,12.08,11.08,12.63,6.48,7.22,0.0,-999.0,5.78,-999.0,0.03
31.396333779730647,-18.88268363956049,20240518,18.86,19.15,18.49,80.75,2.35,101.91,18.64,-999.0,10.38,11.18,10.8,5.15,5.67,0.0,-999.0,4.82,-999.0,0.51
31.396333779730647,-18.88268363956049,20240519,18.58,19.11,18.4,76.12,1.66,102.05,18.63,-999.0,9.52,11.2,10.01,4.8,5.55,0.0,-999.0,3.73,-999.0,0.13
31.396333779730647,-18.88268363956049,20240520,19.35,19.9,18.44,66.56,1.81,102.18,18.62,-999.0,8.67,11.21,9.16,3.85,4.8,0.0,-999.0,3.16,-999.0,0.03
11.138255160380353,-36.45153395414224,20240518,26.88,27.09,26.73,77.94,3.64,101.46,17.31,-999.0,16.48,10.48,17.09,5.62,6.32,0.0,-999.0,5.07,-999.0,0.01
11.138255160380353,-36.45153395414224,20240519,27.02,27.29,26.72,78.0,3.77,101.42,17.3,-999.0,16.66,10.48,17.27,5.78,6.23,0.0,-999.0,5.43,-999.0,0.02
11.138255160380353,-36.45153395414224,20240520,26.88,27.08,26.7,78.5,4.16,101.4,17.29,-999.0,16.6,10.47,17.21,5.71,6.42,0.0,-999.0,5.09,-999.0,0.11
28.23538418442773,-36.4424859412636,20240518,22.24,22.4,21.73,73.69,2.82,102.23,18.64,-999.0,11.66,11.15,12.15,3.5,3.85,0.0,-999.0,2.84,-999.0,0.19
28.23538418442773,-36.4424859412636,20240519,21.78,22.04,21.51,77.12,2.79,102.14,18.63,-999.0,11.96,11.16,12.33,3.05,3.75,0.0,-999.0,2.4,-999.0,0.21
28.23538418442773,-36.4424859412636,20240520,22.12,22.29,21.95,80.19,3.09,102.11,18.62,-999.0,12.76,11.18,13.12,2.98,3.61,0.0,-999.0,2.33,-999.0,0.24
-27.479336068054284,-25.11714025619859,20240518,23.38,23.59,23.22,83.69,3.64,101.8,14.65,-999.0,14.47,6.15,14.83,7.2,7.77,0.0,-999.0,6.81,-999.0,0.03
-27.479336068054284,-25.11714025619859,20240519,22.35,23.67,20.47,85.75,4.09,101.76,14.64,-999.0,13.98,6.11,14.34,7.74,9.79,0.0,-999.0,6.13,-999.0,5.75
-27.479336068054284,-25.11714025619859,20240520,20.29,20.62,20.05,75.88,3.26,102.26,14.63,-999.0,10.44,6.08,11.05,6.04,6.77,0.0,-999.0,5.31,-999.0,0.66
18.569852964989423,13.08092114145397,20240518,31.46,39.27,23.62,11.12,1.16,95.94,18.64,0.16,3.23,10.86,3.23,4.6,7.7,0.01,0.16,1.7,0.0,0.0
18.569852964989423,13.08092114145397,20240519,32.05,40.16,23.17,8.56,0.93,95.78,18.63,0.16,2.44,10.86,2.44,3.62,6.21,0.01,0.16,1.49,0.0,0.0
18.569852964989423,13.08092114145397,20240520,32.33,40.94,23.88,6.56,0.95,95.79,18.62,0.16,1.89,10.86,1.89,3.09,4.81,0.01,0.16,1.88,0.0,0.0
21.315594652002545,-15.495459714581678,20240518,26.27,36.78,17.15,45.06,1.64,99.66,18.64,0.41,8.06,10.97,8.06,5.75,8.69,0.0,0.41,1.79,0.0,0.0
21.315594652002545,-15.495459714581678,20240519,27.3,37.95,17.9,39.31,1.53,99.58,18.63,0.41,7.26,10.98,7.26,6.1,7.74,0.0,0.41,2.91,0.0,0.0
21.315594652002545,-15.495459714581678,20240520,28.85,38.62,18.75,31.06,1.66,99.59,18.62,0.41,6.23,10.98,6.23,6.05,7.3,0.0,0.41,3.66,0.0,0.0
-31.6791880680038,2.2076693567560426,20240518,20.14,20.3,20.05,92.06,2.73,101.99,14.65,-999.0,13.18,5.55,13.37,5.8,6.98,0.0,-999.0,5.13,-999.0,4.77
-31.6791880680038,2.2076693567560426,20240519,20.08,20.22,19.94,91.19,2.62,101.64,14.64,-999.0,13.06,5.51,13.24,8.59,9.52,0.0,-999.0,7.35,-999.0,0.99
-31.6791880680038,2.2076693567560426,20240520,19.55,20.23,18.23,83.56,2.83,101.39,14.63,-999.0,11.47,5.47,11.78,10.9,13.23,0.0,-999.0,7.79,-999.0,6.85
38.666970274875794,21.317393252659116,20240518,22.51,27.65,18.58,64.31,2.77,99.52,19.97,0.5,10.19,11.15,10.8,2.28,4.16,0.04,0.5,1.09,0.0,0.09
38.666970274875794,21.317393252659116,20240519,24.09,28.87,19.75,61.5,2.55,99.23,19.96,0.5,10.74,11.18,11.35,2.52,4.83,0.04,0.49,0.37,0.0,0.0
38.666970274875794,21.317393252659116,20240520,25.21,30.38,20.22,56.44,2.52,99.21,19.95,0.49,10.31,11.21,10.99,2.09,3.3,0.04,0.49,0.21,0.0,0.0
-30.058853998288843,-9.006446689559361,20240518,20.69,21.05,20.26,94.0,2.71,101.94,14.65,-999.0,14.04,5.7,14.16,6.61,9.45,0.0,-999.0,3.47,-999.0,0.24
-30.058853998288843,-9.006446689559361,20240519,20.99,21.2,20.76,92.38,3.64,101.46,14.64,-999.0,14.04,5.66,14.22,11.29,12.67,0.0,-999.0,9.42,-999.0,1.44
-30.058853998288843,-9.006446689559361,20240520,18.66,20.92,17.58,75.81,2.29,101.8,14.63,-999.0,9.52,5.62,10.07,8.12,11.92,0.0,-999.0,5.61,-999.0,1.82
-9.463133020728783,-64.31292394242318,20240518,26.25,29.8,22.79,88.56,4.95,99.78,15.98,0.68,18.55,8.57,18.98,0.71,1.27,4.43,0.73,0.37,0.0,3.47
-9.463133020728783,-64.31292394242318,20240519,25.73,28.8,23.39,91.69,4.91,99.8,15.97,0.69,18.8,8.54,19.1,0.72,1.31,4.43,0.73,0.12,0.0,2.49
-9.463133020728783,-64.31292394242318,20240520,25.52,29.26,22.4,83.75,3.77,99.76,15.96,0.68,16.72,8.52,17.09,0.8,1.16,4.43,0.72,0.43,0.0,0.08
-10.671363113844471,17.474956175425177,20240518,23.53,32.43,14.88,39.19,2.11,89.11,15.98,0.42,6.84,8.45,7.32,3.48,6.96,0.08,0.42,1.31,0.0,0.41
-10.671363113844471,17.474956175425177,20240519,23.83,32.99,15.94,37.88,2.21,89.07,15.97,0.41,6.77,8.43,7.26,4.09,7.23,0.08,0.42,2.0,0.0,0.39
-10.671363113844471,17.474956175425177,20240520,23.63,32.51,15.69,38.31,1.98,89.1,15.96,0.41,6.84,8.4,7.32,4.28,7.45,0.08,0.42,2.03,0.0,0.65
1.5857684533292158,15.15407902688257,20240518,25.31,27.66,23.3,93.19,5.02,95.7,15.98,0.67,19.59,9.71,19.71,0.48,0.95,4.54,0.72,0.12,0.0,1.12
1.5857684533292158,15.15407902688257,20240519,25.65,28.85,23.09,90.88,5.05,95.66,15.97,0.67,19.41,9.7,19.59,0.61,1.07,4.54,0.72,0.27,0.0,1.94
1.5857684533292158,15.15407902688257,20240520,26.15,29.39,23.12,89.5,4.85,95.68,15.96,0.66,19.65,9.68,19.9,0.57,1.16,4.54,0.72,0.18,0.0,1.84
-22.804723960601663,21.00129949270206,20240518,20.13,29.43,12.43,28.94,0.8,88.58,14.65,0.23,4.46,6.88,4.52,3.19,5.36,0.03,0.24,1.58,0.0,0.0
-22.804723960601663,21.00129949270206,20240519,19.15,28.51,11.52,31.56,0.77,88.59,14.64,0.23,4.52,6.85,4.58,3.71,6.01,0.03,0.24,2.59,0.0,0.0
-22.804723960601663,21.00129949270206,20240520,18.44,27.4,11.15,36.69,0.86,88.7,14.63,0.23,5.19,6.81,5.25,3.95,5.7,0.03,0.24,2.97,0.0,0.0
-19.410288175876182,7.716260209861488,20240518,21.42,21.53,21.28,90.0,1.7,101.48,14.65,-999.0,13.98,7.3,14.22,7.58,8.23,0.0,-999.0,7.02,-999.0,0.0
-19.410288175876182,7.716260209861488,20240519,21.19,21.33,21.01,91.25,1.52,101.45,14.64,-999.0,13.98,7.27,14.22,7.99,8.61,0.0,-999.0,7.23,-999.0,0.0
-19.410288175876182,7.716260209861488,20240520,21.25,21.39,21.09,90.75,1.34,101.39,14.63,-999.0,13.92,7.24,14.22,7.59,8.67,0.0,-999.0,6.78,-999.0,0.0
-7.530036717280705,29.751307924901923,20240518,18.65,23.57,15.54,85.69,2.02,84.36,15.98,0.85,13.12,8.8,13.49,3.25,4.66,0.58,0.89,2.42,0.0,0.84
-7.530036717280705,29.751307924901923,20240519,18.63,23.26,15.69,85.69,1.88,84.32,15.97,0.84,13.12,8.78,13.49,3.26,4.59,0.58,0.88,2.54,0.0,1.34
-7.530036717280705,29.751307924901923,20240520,18.5,22.87,15.94,86.69,1.78,84.35,15.96,0.85,13.18,8.75,13.55,3.72,5.27,0.58,0.88,2.47,0.0,3.11
6.996986163322369,15.304607901699697,20240518,27.05,33.58,21.33,67.62,4.01,89.85,15.98,0.6,15.2,10.13,15.99,2.51,4.08,0.12,0.7,0.97,0.0,3.28
6.996986163322369,15.304607901699697,20240519,25.66,31.69,21.81,73.25,4.03,89.87,15.97,0.6,15.93,10.12,16.3,3.42,5.59,0.12,0.7,1.68,0.0,2.62
6.996986163322369,15.304607901699697,20240520,26.01,33.72,21.21,66.38,3.98,89.91,15.96,0.6,14.28,10.11,14.65,3.14,4.83,0.12,0.7,0.35,0.0,0.08
23.35210300091643,18.63726467510608,20240518,30.81,39.15,22.91,13.19,1.16,94.62,18.64,0.2,3.6,11.04,3.6,6.21,8.67,0.01,0.2,4.3,0.0,0.0
23.35210300091643,18.63726467510608,20240519,31.51,40.48,22.48,11.31,1.16,94.42,18.63,0.2,3.11,11.04,3.11,5.39,7.55,0.01,0.2,4.01,0.0,0.0
23.35210300091643,18.63726467510608,20240520,32.64,41.86,23.39,10.06,0.95,94.35,18.62,0.2,2.99,11.05,2.99,4.89,5.9,0.01,0.2,4.11,0.0,0.0
14.251808485605942,15.894199460873963,20240518,32.06,41.32,23.76,11.06,0.77,97.08,17.31,0.14,3.05,10.66,3.11,6.05,9.65,0.01,0.15,3.48,0.0,0.0
14.251808485605942,15.894199460873963,20240519,33.01,42.15,24.2,8.19,0.78,96.95,17.3,0.14,2.5,10.66,2.5,3.53,5.7,0.01,0.14,1.55,0.0,0.0
14.251808485605942,15.894199460873963,20240520,33.83,42.53,25.12,10.5,1.16,97.02,17.29,0.14,3.6,10.65,3.66,3.3,4.71,0.01,0.14,2.01,0.0,0.0
24.78209695985275,-18.08137921080028,20240518,20.96,21.37,20.59,82.19,2.27,101.7,18.64,-999.0,12.21,11.07,12.57,4.2,5.98,0.0,-999.0,3.09,-999.0,0.05
24.78209695985275,-18.08137921080028,20240519,21.67,22.2,21.27,77.88,2.2,101.72,18.63,-999.0,11.96,11.07,12.45,5.54,6.78,0.0,-999.0,4.46,-999.0,0.02
24.78209695985275,-18.08137921080028,20240520,21.57,21.87,21.31,75.62,2.14,101.82,18.62,-999.0,11.47,11.08,11.96,6.73,8.69,0.0,-999.0,5.45,-999.0,0.01
-7.7928203070634865,17.594084745504745,20240518,27.0,35.54,18.8,42.56,2.99,93.18,15.98,0.27,9.03,8.8,9.34,2.45,4.68,1.01,0.28,1.71,0.0,0.42
-7.7928203070634865,17.594084745504745,20240519,26.67,35.41,20.67,52.88,2.9,93.13,15.97,0.29,10.56,8.78,11.6,2.52,4.61,1.0,0.29,1.49,0.0,26.7
-7.7928203070634865,17.594084745504745,20240520,25.3,33.94,17.35,56.75,2.7,93.18,15.96,0.32,10.62,8.75,11.17,2.52,4.7,1.0,0.31,1.77,0.0,0.57
-30.348074573053243,-37.70349439032299,20240518,20.22,20.87,19.66,74.5,3.31,101.59,14.65,-999.0,10.31,5.69,10.86,7.97,9.2,0.0,-999.0,6.04,-999.0,8.27
-30.348074573053243,-37.70349439032299,20240519,18.3,19.79,17.58,70.31,2.16,102.23,14.64,-999.0,8.42,5.66,9.09,7.48,9.3,0.0,-999.0,6.33,-999.0,0.5
-30.348074573053243,-37.70349439032299,20240520,18.83,21.73,17.47,82.0,2.93,101.82,14.63,-999.0,10.68,5.62,11.11,7.75,10.62,0.0,-999.0,5.31,-999.0,16.14
-28.53913467869751,-8.01562426232558,20240518,21.21,21.42,21.05,92.06,2.84,102.08,14.65,-999.0,14.1,6.0,14.28,5.89,7.28,0.0,-999.0,3.82,-999.0,1.72
-28.53913467869751,-8.01562426232558,20240519,21.5,21.8,21.25,84.06,2.68,101.72,14.64,-999.0,12.94,5.96,13.31,8.73,9.9,0.0,-999.0,7.15,-999.0,0.45
-28.53913467869751,-8.01562426232558,20240520,20.06,21.75,18.65,78.75,3.23,101.79,14.63,-999.0,10.99,5.93,11.47,7.52,9.7,0.0,-999.0,5.69,-999.0,1.27
12.34617154825198,12.836718163261239,20240518,34.44,43.27,26.36,9.12,0.87,97.32,17.31,0.26,2.87,10.54,2.93,4.56,7.47,0.01,0.26,2.83,0.0,0.0
12.34617154825198,12.836718163261239,20240519,34.8,44.05,26.01,9.06,1.05,97.21,17.3,0.26,3.05,10.54,3.05,4.27,6.02,0.01,0.26,2.53,0.0,0.0
12.34617154825198,12.836718163261239,20240520,35.26,43.94,26.44,9.38,0.94,97.26,17.29,0.26,3.54,10.53,3.54,2.77,3.66,0.01,0.26,1.77,0.0,0.0
-17.42084699651543,-56.526656510458814,20240518,29.34,35.51,24.49,57.75,1.98,100.0,14.65,0.39,14.16,7.56,14.4,1.91,4.89,0.08,0.39,0.42,0.0,0.52
-17.42084699651543,-56.526656510458814,20240519,25.45,31.41,21.19,56.81,2.44,100.3,14.64,0.39,11.29,7.53,11.35,4.17,5.55,0.08,0.39,3.1,0.0,0.0
-17.42084699651543,-56.526656510458814,20240520,26.01,33.33,18.81,50.75,2.08,100.11,14.63,0.38,10.01,7.5,10.25,1.9,3.38,0.08,0.39,0.16,0.0,0.0
-20.25279449481212,-59.09592217721385,20240518,19.87,23.78,16.42,69.94,3.77,100.49,15.98,0.56,9.95,7.16,10.01,4.56,5.41,0.08,0.56,3.62,0.0,0.55
-20.25279449481212,-59.09592217721385,20240519,18.68,24.79,14.13,56.25,2.96,100.74,15.97,0.56,7.14,7.12,7.2,3.99,5.09,0.08,0.56,2.55,0.0,0.0
-20.25279449481212,-59.09592217721385,20240520,20.81,29.21,13.04,53.0,2.24,100.26,15.96,0.56,7.75,7.09,7.81,2.98,4.73,0.08,0.56,1.7,0.0,0.0
-8.359175455983895,-38.678419068377046,20240518,26.19,32.9,21.85,76.88,4.34,96.71,17.31,0.61,16.11,8.68,16.42,3.31,4.12,0.07,0.61,2.5,0.0,5.1
-8.359175455983895,-38.678419068377046,20240519,24.25,28.38,21.67,82.31,4.46,96.78,15.97,0.62,15.69,8.66,15.93,4.18,5.91,0.07,0.62,2.0,0.0,8.63
-8.359175455983895,-38.678419068377046,20240520,24.86,30.99,20.8,76.56,3.55,96.81,15.96,0.62,14.89,8.64,15.2,3.5,4.67,0.07,0.62,2.09,0.0,1.87
18.624463321868063,-17.860600838553417,20240518,20.54,20.76,20.32,86.44,1.95,101.42,18.64,-999.0,12.57,10.86,12.94,8.8,9.42,0.0,-999.0,8.05,-999.0,0.0
18.624463321868063,-17.860600838553417,20240519,20.9,21.24,20.51,87.06,2.64,101.33,18.63,-999.0,13.0,10.86,13.31,9.05,10.1,0.0,-999.0,8.01,-999.0,0.0
18.624463321868063,-17.860600838553417,20240520,21.13,21.38,20.88,86.25,3.26,101.32,18.62,-999.0,13.06,10.86,13.37,9.12,9.84,0.0,-999.0,8.28,-999.0,0.0
34.610859755605276,2.9109768055763965,20240518,22.9,30.9,15.37,33.44,0.96,88.77,18.64,0.34,5.62,11.19,5.68,3.8,6.6,0.02,0.34,0.66,0.0,0.15
34.610859755605276,2.9109768055763965,20240519,22.22,31.48,12.28,39.0,1.46,88.62,18.63,0.34,5.98,11.21,6.04,4.62,8.6,0.02,0.34,0.48,0.0,0.0
34.610859755605276,2.9109768055763965,20240520,16.91,24.05,10.46,47.81,1.3,88.9,18.62,0.34,5.98,11.23,5.98,7.83,10.66,0.02,0.34,4.66,0.0,0.15
38.027938111573405,-59.8015530731232,20240518,21.09,21.44,20.14,89.25,3.33,101.16,18.64,-999.0,13.61,11.16,13.85,4.33,5.12,0.0,-999.0,3.38,-999.0,2.53
38.027938111573405,-59.8015530731232,20240519,20.76,21.48,19.99,88.12,3.34,100.96,18.63,-999.0,13.12,11.19,13.43,4.37,5.62,0.0,-999.0,3.81,-999.0,7.54
38.027938111573405,-59.8015530731232,20240520,20.51,20.94,20.12,88.94,3.77,100.81,18.62,-999.0,13.12,11.21,13.37,3.41,5.63,0.0,-999.0,1.95,-999.0,13.01
-1.8607364725389033,-49.89720262888096,20240518,25.64,26.44,24.82,96.81,5.95,101.04,15.98,0.99,19.71,9.43,19.84,0.88,1.39,3.73,0.98,0.32,0.0,15.0
-1.8607364725389033,-49.89720262888096,20240519,26.6,29.4,24.44,92.25,5.17,100.99,15.97,0.99,19.84,9.41,19.96,1.1,1.53,3.73,0.97,0.62,0.0,1.44
-1.8607364725389033,-49.89720262888096,20240520,27.13,30.19,24.75,90.56,4.85,100.95,15.96,0.98,19.96,9.39,20.2,1.11,1.38,3.73,0.97,0.63,0.0,2.58
26.024646634257174,10.346317478869778,20240518,33.02,41.99,24.55,16.75,1.53,94.25,18.64,0.43,4.7,11.11,4.76,4.03,5.55,0.01,0.43,3.09,0.0,0.21
26.024646634257174,10.346317478869778,20240519,33.9,42.33,26.64,16.5,1.51,94.14,18.63,0.43,5.07,11.12,5.07,3.87,5.12,0.01,0.43,0.87,0.0,0.0
26.024646634257174,10.346317478869778,20240520,32.94,40.74,25.55,19.19,1.65,94.15,18.62,0.43,6.29,11.13,6.29,3.04,7.81,0.01,0.43,0.77,0.0,0.0
-13.324493357880815,-26.176853532999274,20240518,27.22,27.59,26.6,79.62,3.38,101.57,15.98,-999.0,17.15,8.08,17.82,6.52,7.07,0.0,-999.0,6.02,-999.0,2.98
-13.324493357880815,-26.176853532999274,20240519,27.12,27.46,26.7,76.62,3.2,101.56,15.97,-999.0,16.3,8.06,17.03,6.91,7.63,0.0,-999.0,5.85,-999.0,1.21
-13.324493357880815,-26.176853532999274,20240520,27.14,27.48,26.76,72.12,2.7,101.63,15.96,-999.0,15.2,8.03,16.05,6.84,8.09,0.0,-999.0,5.73,-999.0,1.24
34.08867732098787,-32.92304515976144,20240518,20.17,20.58,19.55,73.62,2.31,102.41,18.64,-999.0,10.31,11.19,10.62,2.07,3.3,0.0,-999.0,1.7,-999.0,0.57
34.08867732098787,-32.92304515976144,20240519,20.08,20.49,19.61,73.06,2.6,102.3,18.63,-999.0,10.19,11.21,10.5,1.91,3.22,0.0,-999.0,1.32,-999.0,0.0
34.08867732098787,-32.92304515976144,20240520,20.22,20.48,19.94,80.19,2.91,102.21,18.62,-999.0,11.29,11.23,11.66,4.3,5.71,0.0,-999.0,3.14,-999.0,0.88
-4.583122761556137,30.549652383166062,20240518,23.43,29.35,18.66,72.75,2.3,88.41,15.98,0.49,14.04,9.13,14.47,2.51,4.2,0.91,0.58,1.69,0.0,0.09
-4.583122761556137,30.549652383166062,20240519,23.23,29.37,17.87,72.0,2.49,88.37,15.97,0.48,13.73,9.11,14.16,2.69,4.62,0.9,0.58,1.79,0.0,0.17
-4.583122761556137,30.549652383166062,20240520,23.14,28.94,18.31,71.81,2.55,88.4,15.96,0.48,13.67,9.09,14.1,2.59,4.55,0.9,0.57,1.61,0.0,0.13
10.179074799391763,8.085183947223186,20240518,28.26,36.63,21.73,60.56,1.11,92.75,17.31,0.52,13.18,10.42,14.22,2.24,3.95,0.05,0.53,1.27,0.0,0.01
10.179074799391763,8.085183947223186,20240519,27.49,35.24,20.55,66.25,1.43,92.73,17.3,0.51,14.83,10.41,15.38,2.26,3.28,0.05,0.53,1.06,0.0,0.02
10.179074799391763,8.085183947223186,20240520,28.39,35.68,22.55,66.94,1.79,92.8,17.29,0.51,15.99,10.4,16.48,2.42,4.3,0.05,0.52,0.88,0.0,0.08
7.868630269452545,-52.9250181173567,20240518,28.42,28.76,28.11,84.75,5.74,101.35,17.31,-999.0,19.9,10.21,20.39,6.94,7.66,0.0,-999.0,6.46,-999.0,14.45
7.868630269452545,-52.9250181173567,20240519,28.03,28.16,27.91,85.19,5.7,101.34,17.3,-999.0,19.59,10.2,20.08,6.08,6.81,0.0,-999.0,5.56,-999.0,6.7
7.868630269452545,-52.9250181173567,20240520,28.12,28.42,28.01,82.81,5.96,101.25,17.29,-999.0,19.04,10.19,19.59,6.48,7.98,0.0,-999.0,5.59,-999.0,1.16
19.668365089697147,-33.09957568283817,20240518,24.42,24.68,23.94,75.81,3.05,101.79,18.64,-999.0,13.67,10.9,14.28,6.34,6.73,0.0,-999.0,5.73,-999.0,0.11
19.668365089697147,-33.09957568283817,20240519,24.51,24.6,24.41,72.69,2.85,101.75,18.63,-999.0,13.12,10.9,13.79,5.55,6.16,0.0,-999.0,5.05,-999.0,0.07
19.668365089697147,-33.09957568283817,20240520,24.62,24.82,24.3,74.62,3.05,101.74,18.62,-999.0,13.67,10.9,14.28,4.98,5.69,0.0,-999.0,4.22,-999.0,0.14
16.742272718871185,-43.65462099536349,20240518,26.3,26.7,25.51,79.38,3.41,101.71,17.31,-999.0,16.11,10.76,16.78,6.82,7.67,0.0,-999.0,6.05,-999.0,0.94
16.742272718871185,-43.65462099536349,20240519,25.94,26.47,25.42,83.12,3.66,101.65,17.3,-999.0,16.66,10.76,17.21,6.86,7.7,0.0,-999.0,6.1,-999.0,1.23
16.742272718871185,-43.65462099536349,20240520,25.84,26.04,25.59,81.88,3.46,101.63,17.29,-999.0,16.3,10.76,16.85,6.46,7.25,0.0,-999.0,5.73,-999.0,0.16
-30.527969301133343,-2.5533765240113055,20240518,20.75,21.0,20.54,89.81,2.45,102.02,13.31,-999.0,13.31,5.7,13.55,5.87,7.49,0.0,-999.0,4.82,-999.0,2.02
-30.527969301133343,-2.5533765240113055,20240519,20.8,20.9,20.69,89.75,2.83,101.62,13.31,-999.0,13.43,5.66,13.61,9.1,11.31,0.0,-999.0,7.84,-999.0,2.65
-30.527969301133343,-2.5533765240113055,20240520,19.69,21.03,18.14,79.44,2.93,101.52,13.3,-999.0,10.93,5.62,11.29,10.02,13.05,0.0,-999.0,6.44,-999.0,5.62
18.0700699859645,-30.39629268591426,20240518,24.34,24.47,24.15,75.5,2.98,101.7,18.64,-999.0,13.55,10.86,14.22,6.16,6.8,0.0,-999.0,5.69,-999.0,0.09
18.0700699859645,-30.39629268591426,20240519,24.11,24.33,23.85,76.0,2.77,101.68,18.63,-999.0,13.49,10.86,14.1,5.76,6.43,0.0,-999.0,5.28,-999.0,0.07
18.0700699859645,-30.39629268591426,20240520,24.44,24.62,24.17,76.5,3.09,101.67,18.62,-999.0,13.92,10.86,14.47,5.68,6.58,0.0,-999.0,4.51,-999.0,0.1
2.919427455613402,-40.750938987116186,20240518,28.21,28.4,27.99,85.25,5.04,101.24,17.31,-999.0,19.84,9.8,20.32,5.16,6.28,0.0,-999.0,4.41,-999.0,0.93
2.919427455613402,-40.750938987116186,20240519,27.8,27.96,27.58,84.56,4.44,101.26,17.3,-999.0,19.17,9.79,19.65,4.02,4.59,0.0,-999.0,3.43,-999.0,0.54
2.919427455613402,-40.750938987116186,20240520,27.63,27.8,27.43,85.31,4.52,101.25,17.29,-999.0,19.17,9.77,19.65,4.16,4.96,0.0,-999.0,3.43,-999.0,0.44
11.470635127844403,-33.40179824880924,20240518,26.8,26.95,26.65,77.38,3.68,101.45,17.31,-999.0,16.24,10.48,16.91,5.75,6.43,0.0,-999.0,5.38,-999.0,0.07
11.470635127844403,-33.40179824880924,20240519,26.8,27.08,26.44,76.31,3.94,101.41,17.3,-999.0,15.99,10.48,16.66,5.79,6.31,0.0,-999.0,5.27,-999.0,0.1
11.470635127844403,-33.40179824880924,20240520,27.08,27.26,26.85,79.12,4.61,101.39,17.29,-999.0,16.97,10.47,17.58,5.74,6.14,0.0,-999.0,5.3,-999.0,0.32
-24.515380822594913,-18.664325187364412,20240518,22.83,23.05,22.56,82.12,2.7,102.1,14.65,-999.0,13.67,6.59,14.04,4.01,5.14,0.0,-999.0,2.05,-999.0,0.0
-24.515380822594913,-18.664325187364412,20240519,23.09,23.49,22.49,84.81,2.61,101.89,14.64,-999.0,14.4,6.56,14.77,4.95,5.62,0.0,-999.0,3.92,-999.0,0.16
-24.515380822594913,-18.664325187364412,20240520,22.32,23.23,21.74,86.19,3.48,102.02,14.63,-999.0,13.92,6.52,14.28,5.77,7.73,0.0,-999.0,4.09,-999.0,0.95
-17.131952047061592,5.603728279589291,20240518,22.76,22.86,22.53,88.56,1.77,101.41,14.65,-999.0,14.89,7.57,15.2,7.79,8.52,0.0,-999.0,7.06,-999.0,0.0
-17.131952047061592,5.603728279589291,20240519,22.48,22.67,22.26,88.69,1.59,101.36,14.64,-999.0,14.65,7.54,14.95,7.67,8.31,0.0,-999.0,7.06,-999.0,0.0
-17.131952047061592,5.603728279589291,20240520,22.3,22.49,22.19,91.56,1.5,101.34,14.63,-999.0,15.01,7.51,15.26,6.23,7.11,0.0,-999.0,4.68,-999.0,0.0
28.919529078831374,-65.66810469924994,20240518,22.98,23.15,22.6,92.25,3.13,101.57,18.64,-999.0,15.87,11.15,15.99,3.12,3.66,0.0,-999.0,2.23,-999.0,0.04
28.919529078831374,-65.66810469924994,20240519,23.19,23.62,22.94,91.62,3.26,101.48,18.63,-999.0,15.93,11.16,16.11,4.29,6.56,0.0,-999.0,2.56,-999.0,0.27
28.919529078831374,-65.66810469924994,20240520,23.77,23.99,23.48,94.56,4.1,101.34,18.62,-999.0,17.21,11.18,17.27,4.91,6.87,0.0,-999.0,3.48,-999.0,9.38
8.64156972816496,-52.60824715909887,20240518,28.38,28.49,28.26,84.12,5.43,101.36,17.31,-999.0,19.71,10.28,20.2,7.74,8.77,0.0,-999.0,7.17,-999.0,6.71
8.64156972816496,-52.60824715909887,20240519,28.22,28.33,28.11,83.25,4.95,101.35,17.3,-999.0,19.29,10.27,19.84,6.6,7.14,0.0,-999.0,6.31,-999.0,4.33
8.64156972816496,-52.60824715909887,20240520,28.1,28.22,28.05,81.69,5.03,101.28,17.29,-999.0,18.74,10.26,19.35,6.55,7.91,0.0,-999.0,5.76,-999.0,0.71
4.154981544378167,-11.019320551391353,20240518,28.89,29.03,28.76,82.06,6.07,101.15,17.31,-999.0,19.84,9.97,20.32,3.27,4.47,0.0,-999.0,2.45,-999.0,11.62
4.154981544378167,-11.019320551391353,20240519,29.11,29.26,28.86,83.0,5.8,101.05,17.3,-999.0,20.26,9.96,20.87,5.46,5.93,0.0,-999.0,4.68,-999.0,8.56
4.154981544378167,-11.019320551391353,20240520,29.15,29.34,28.94,81.38,5.62,101.13,17.29,-999.0,19.9,9.95,20.51,5.18,5.67,0.0,-999.0,4.77,-999.0,7.23
10.489709927412363,-29.519269144640575,20240518,27.18,27.47,26.87,74.25,4.14,101.38,17.31,-999.0,15.93,10.42,16.6,4.91,6.09,0.0,-999.0,3.99,-999.0,0.07
10.489709927412363,-29.519269144640575,20240519,26.93,27.1,26.7,77.19,4.88,101.34,17.3,-999.0,16.36,10.41,17.03,5.38,5.76,0.0,-999.0,4.62,-999.0,0.09
10.489709927412363,-29.519269144640575,20240520,27.19,27.37,26.92,79.88,5.27,101.35,17.29,-999.0,17.33,10.4,17.88,5.54,5.87,0.0,-999.0,5.25,-999.0,0.64
32.14470857058305,2.387737115350717,20240518,27.39,35.83,19.39,24.69,1.09,94.32,18.64,0.18,5.0,11.18,5.07,5.52,10.45,0.02,0.19,1.88,0.0,0.0
32.14470857058305,2.387737115350717,20240519,27.63,35.77,18.51,15.5,1.25,94.18,18.63,0.18,3.36,11.2,3.42,6.55,10.56,0.02,0.18,2.91,0.0,0.0
32.14470857058305,2.387737115350717,20240520,24.95,31.38,18.11,24.06,1.37,94.47,18.62,0.18,4.82,11.22,4.82,4.48,8.36,0.02,0.18,1.67,0.0,0.0
-20.77603111666664,13.75544440417221,20240518,26.1,36.08,19.67,22.75,0.91,98.81,15.98,0.2,3.97,7.16,4.39,4.69,8.0,0.01,0.22,1.5,0.0,0.0
-20.77603111666664,13.75544440417221,20240519,25.39,36.1,19.68,22.31,0.77,98.78,15.97,0.2,3.78,7.13,4.15,5.1,9.2,0.01,0.22,1.54,0.0,0.0
-20.77603111666664,13.75544440417221,20240520,26.61,36.37,19.5,19.31,0.73,98.75,15.96,0.2,3.42,7.1,3.91,5.87,9.46,0.01,0.22,1.96,0.0,0.0
-25.23022441889265,-23.57096233764821,20240518,23.99,24.21,23.89,86.94,3.09,101.96,14.65,-999.0,15.69,6.45,15.99,5.15,6.09,0.0,-999.0,4.18,-999.0,2.27
-25.23022441889265,-23.57096233764821,20240519,24.13,24.43,23.25,83.88,3.43,101.85,14.64,-999.0,15.2,6.41,15.56,5.23,5.88,0.0,-999.0,3.76,-999.0,2.16
-25.23022441889265,-23.57096233764821,20240520,22.37,23.09,21.99,84.94,3.7,102.09,14.63,-999.0,13.67,6.38,14.16,6.31,7.81,0.0,-999.0,3.8,-999.0,2.25
28.49447732285671,-19.767208269655022,20240518,20.45,20.68,20.3,81.0,2.61,101.86,18.64,-999.0,11.6,11.15,11.96,4.85,5.64,0.0,-999.0,3.84,-999.0,0.27
28.49447732285671,-19.767208269655022,20240519,19.98,20.5,19.55,77.94,1.97,101.95,18.63,-999.0,10.68,11.16,11.17,5.84,6.61,0.0,-999.0,4.92,-999.0,0.05
28.49447732285671,-19.767208269655022,20240520,20.44,20.91,19.59,69.5,2.03,102.1,18.62,-999.0,9.64,11.17,10.25,5.4,6.47,0.0,-999.0,4.6,-999.0,0.01
4.445991674714982,-28.88653947048187,20240518,27.94,28.21,27.77,83.88,5.73,101.24,15.98,-999.0,19.17,9.97,19.65,3.22,4.34,0.0,-999.0,2.2,-999.0,7.58
4.445991674714982,-28.88653947048187,20240519,27.42,27.69,26.87,84.06,5.95,101.25,15.97,-999.0,18.68,9.96,19.1,2.62,3.37,0.0,-999.0,0.95,-999.0,7.51
4.445991674714982,-28.88653947048187,20240520,26.12,26.72,25.17,83.75,6.05,101.34,15.96,-999.0,17.15,9.95,17.58,2.6,3.85,0.0,-999.0,1.24,-999.0,4.95
-2.101915548725515,7.416108071974236,20240518,27.51,27.63,27.29,91.12,5.99,101.07,17.31,-999.0,20.63,9.33,20.87,3.76,5.61,0.0,-999.0,2.6,-999.0,4.52
-2.101915548725515,7.416108071974236,20240519,27.54,27.82,27.33,88.12,5.74,101.02,17.3,-999.0,19.9,9.31,20.2,3.88,4.46,0.0,-999.0,3.3,-999.0,1.83
-2.101915548725515,7.416108071974236,20240520,27.55,27.65,27.48,85.94,5.1,101.05,17.29,-999.0,19.35,9.29,19.71,3.28,4.27,0.0,-999.0,2.59,-999.0,0.9
